date,route_id,stop_id,stop_name,scheduled_arrival,actual_arrival,delay_minutes
2025-06-13,12,S001,Central Station,06:20,06:27,7.6
2025-07-28,14,S005,Industrial Estate,09:20,09:25,5.3
2025-07-21,27,S003,Riverside Park,06:20,06:28,8.0
2025-07-01,27,S001,Central Station,15:20,15:24,4.0
2025-07-19,12,S001,Central Station,15:20,15:22,2.2
2025-07-07,12,S001,Central Station,06:20,06:20,0.4
2025-06-22,12,S006,Harbor Road,09:20,09:24,4.9
2025-07-05,12,S005,Industrial Estate,15:20,15:21,1.0
2025-06-25,14,S001,Central Station,15:20,15:33,13.4
2025-07-18,14,S001,Central Station,09:20,09:22,2.3
2025-06-25,12,S004,University Gate,09:20,09:21,1.4
2025-07-17,14,S004,University Gate,15:20,15:26,6.9
2025-07-22,27,S006,Harbor Road,09:20,09:20,0.5
2025-06-06,14,S005,Industrial Estate,06:20,06:27,7.6
2025-07-17,14,S006,Harbor Road,06:20,06:25,5.1
2025-06-13,12,S006,Harbor Road,06:20,06:25,5.5
2025-07-23,14,S005,Industrial Estate,09:20,09:24,4.7
2025-07-07,12,S005,Industrial Estate,15:20,15:21,1.3
2025-07-04,14,S005,Industrial Estate,06:20,06:20,0.5
2025-06-25,27,S001,Central Station,12:20,12:20,0.9
2025-06-02,12,S003,Riverside Park,12:20,12:23,3.1
2025-06-05,12,S001,Central Station,12:20,12:23,3.7
2025-06-20,12,S004,University Gate,06:20,06:22,2.5
2025-07-24,14,S002,Market Street,09:20,09:22,2.5
2025-07-20,14,S002,Market Street,09:20,09:25,5.8
2025-07-21,27,S002,Market Street,12:20,12:18,-1.5
2025-07-16,14,S004,University Gate,09:20,09:25,5.0
2025-06-18,27,S002,Market Street,12:20,12:19,-0.2
2025-06-20,14,S001,Central Station,15:20,15:26,6.5
2025-07-28,14,S003,Riverside Park,09:20,09:25,5.8
2025-07-25,14,S006,Harbor Road,09:20,09:23,3.4
2025-06-23,27,S003,Riverside Park,15:20,15:21,1.9
2025-07-02,14,S002,Market Street,12:20,12:24,4.0
2025-07-09,27,S003,Riverside Park,15:20,15:24,4.6
2025-06-16,12,S003,Riverside Park,06:20,06:26,6.3
2025-07-01,27,S005,Industrial Estate,12:20,12:22,2.4
2025-07-17,14,S002,Market Street,06:20,06:28,8.8
2025-07-30,14,S003,Riverside Park,09:20,09:24,4.6
2025-07-26,12,S001,Central Station,06:20,06:20,0.5
2025-07-03,12,S001,Central Station,12:20,12:21,1.4
2025-06-08,12,S001,Central Station,09:20,09:27,7.1
2025-07-05,14,S005,Industrial Estate,15:20,15:25,5.0
2025-06-18,14,S001,Central Station,06:20,06:27,7.1
2025-06-19,12,S001,Central Station,15:20,15:19,-0.2
2025-07-05,14,S005,Industrial Estate,09:20,09:20,0.1
2025-06-14,14,S004,University Gate,15:20,15:24,4.5
2025-06-21,27,S002,Market Street,12:20,12:23,3.2
2025-06-07,27,S006,Harbor Road,09:20,09:18,-2.0
2025-06-05,12,S005,Industrial Estate,12:20,12:22,2.6
2025-07-26,14,S002,Market Street,12:20,12:24,4.5
2025-06-12,27,S003,Riverside Park,15:20,15:22,2.8
2025-07-30,14,S002,Market Street,06:20,06:29,9.8
2025-06-21,14,S006,Harbor Road,12:20,12:23,3.7
2025-07-17,14,S002,Market Street,15:20,15:27,7.0
2025-07-20,27,S005,Industrial Estate,12:20,12:18,-1.7
2025-06-02,27,S004,University Gate,06:20,06:26,6.1
2025-07-16,27,S004,University Gate,12:20,12:18,-1.1
2025-06-11,14,S006,Harbor Road,09:20,09:19,-0.7
2025-06-07,14,S002,Market Street,12:20,12:26,6.3
2025-07-06,12,S006,Harbor Road,15:20,15:21,1.8
2025-06-25,12,S001,Central Station,06:20,06:23,3.8
2025-07-01,14,S004,University Gate,12:20,12:29,9.1
2025-07-06,12,S003,Riverside Park,12:20,12:23,3.5
2025-06-08,27,S003,Riverside Park,09:20,09:19,-1.0
2025-07-23,14,S002,Market Street,12:20,,
2025-06-04,27,S003,Riverside Park,06:20,06:28,8.1
2025-06-07,12,S004,University Gate,12:20,12:20,0.9
2025-07-22,14,S006,Harbor Road,06:20,06:26,6.3
2025-07-27,27,S002,Market Street,09:20,09:24,4.5
2025-06-17,12,S004,University Gate,09:20,09:21,1.5
2025-07-07,27,S002,Market Street,12:20,12:23,3.2
2025-07-31,27,S006,Harbor Road,15:20,15:24,4.3
2025-07-07,27,S002,Market Street,06:20,06:21,1.3
2025-07-12,12,S006,Harbor Road,15:20,15:18,-1.1
2025-06-28,14,S002,Market Street,12:20,12:24,4.2
2025-07-23,14,S004,University Gate,12:20,12:27,7.6
2025-07-07,12,S005,Industrial Estate,06:20,06:25,5.1
2025-06-29,12,S002,Market Street,06:20,06:26,6.7
2025-07-03,12,S006,Harbor Road,09:20,09:23,3.4
2025-07-23,27,S001,Central Station,09:20,09:26,6.0
2025-06-27,14,S006,Harbor Road,06:20,06:30,10.5
2025-07-21,14,S001,Central Station,06:20,06:28,8.3
2025-06-07,12,S001,Central Station,15:20,15:21,1.1
2025-07-07,14,S002,Market Street,09:20,09:23,3.3
2025-07-12,12,S002,Market Street,12:20,12:24,4.6
2025-07-27,14,S004,University Gate,15:20,15:22,2.1
2025-07-15,14,S002,Market Street,15:20,15:27,7.9
2025-06-13,12,S001,Central Station,15:20,15:28,8.4
2025-07-29,27,S002,Market Street,06:20,06:20,0.4
2025-06-02,12,S003,Riverside Park,06:20,06:23,3.5
2025-06-11,12,S005,Industrial Estate,15:20,15:22,2.3
2025-06-26,14,S002,Market Street,15:20,15:22,2.0
2025-06-22,14,S006,Harbor Road,15:20,15:26,6.7
2025-06-13,14,S001,Central Station,15:20,15:22,2.1
2025-06-27,12,S003,Riverside Park,09:20,09:20,0.7
2025-07-02,12,S002,Market Street,09:20,09:18,-1.4
2025-07-30,14,S001,Central Station,12:20,12:23,3.9
2025-06-30,14,S005,Industrial Estate,15:20,15:31,11.3
2025-07-10,12,S004,University Gate,06:20,06:26,6.6
2025-07-11,27,S001,Central Station,15:20,,
2025-07-20,27,S004,University Gate,09:20,09:20,-0.0
2025-06-20,14,S004,University Gate,06:20,06:23,3.6
2025-06-03,27,S003,Riverside Park,12:20,12:20,0.7
2025-06-06,12,S005,Industrial Estate,09:20,09:23,3.5
2025-07-30,14,S002,Market Street,09:20,09:23,3.9
2025-06-24,12,S003,Riverside Park,12:20,12:21,1.3
2025-07-24,27,S005,Industrial Estate,06:20,06:21,1.1
2025-07-10,27,S006,Harbor Road,09:20,09:18,-2.0
2025-06-25,14,S005,Industrial Estate,09:20,09:26,6.2
2025-07-28,27,S001,Central Station,06:20,06:18,-2.0
2025-07-08,27,S001,Central Station,15:20,15:19,-0.4
2025-06-17,12,S006,Harbor Road,15:20,15:26,6.9
2025-06-05,27,S001,Central Station,09:20,09:18,-2.0
2025-06-20,27,S002,Market Street,15:20,15:24,4.6
2025-07-03,27,S001,Central Station,15:20,15:20,0.2
2025-06-23,12,S002,Market Street,09:20,09:21,1.1
2025-07-09,14,S002,Market Street,06:20,06:25,5.1
2025-07-05,14,S002,Market Street,15:20,15:26,6.4
2025-06-17,14,S004,University Gate,12:20,12:20,0.4
2025-06-06,27,S006,Harbor Road,06:20,06:24,4.4
2025-07-06,27,S001,Central Station,12:20,12:18,-1.1
2025-07-11,27,S003,Riverside Park,09:20,09:22,2.3
2025-06-24,27,S002,Market Street,09:20,09:23,3.3
2025-06-18,12,S001,Central Station,06:20,06:23,3.1
2025-07-05,14,S004,University Gate,12:20,12:24,4.9
2025-06-08,27,S005,Industrial Estate,15:20,15:21,1.8
2025-07-30,12,S001,Central Station,09:20,09:26,6.0
2025-07-02,27,S004,University Gate,12:20,12:20,0.2
2025-07-03,12,S005,Industrial Estate,15:20,15:25,5.4
2025-07-26,14,S001,Central Station,12:20,12:21,1.7
2025-07-08,12,S006,Harbor Road,09:20,09:20,0.7
2025-07-27,12,S001,Central Station,06:20,06:24,4.8
2025-07-13,14,S005,Industrial Estate,09:20,09:18,-2.0
2025-07-28,12,S004,University Gate,12:20,12:22,2.6
2025-06-30,12,S003,Riverside Park,12:20,12:18,-2.0
2025-07-13,12,S001,Central Station,15:20,15:21,1.3
2025-07-28,27,S002,Market Street,09:20,09:18,-2.0
2025-07-13,12,S005,Industrial Estate,06:20,06:18,-1.5
2025-07-17,12,S002,Market Street,12:20,12:23,3.6
2025-07-17,27,S005,Industrial Estate,12:20,12:19,-0.6
2025-06-16,12,S004,University Gate,09:20,09:24,4.2
2025-07-06,27,S002,Market Street,15:20,15:21,1.7
2025-06-21,14,S002,Market Street,15:20,15:26,6.3
2025-07-30,14,S006,Harbor Road,06:20,06:27,7.0
2025-07-02,12,S005,Industrial Estate,09:20,09:20,0.3
2025-06-15,12,S005,Industrial Estate,15:20,15:26,6.3
2025-07-17,12,S003,Riverside Park,06:20,06:22,2.0
2025-07-24,27,S002,Market Street,06:20,06:18,-1.8
2025-07-08,12,S005,Industrial Estate,12:20,12:20,0.7
2025-06-12,12,S005,Industrial Estate,09:20,09:22,2.6
2025-06-04,14,S003,Riverside Park,12:20,12:22,2.0
2025-06-02,14,S004,University Gate,12:20,12:26,6.6
2025-06-26,27,S004,University Gate,12:20,12:19,-0.7
2025-06-10,12,S006,Harbor Road,09:20,09:20,0.6
2025-07-21,12,S002,Market Street,12:20,12:22,2.2
2025-07-22,12,S005,Industrial Estate,06:20,06:22,2.7
2025-06-27,12,S001,Central Station,06:20,06:20,0.5
2025-06-28,27,S005,Industrial Estate,09:20,09:19,-0.4
2025-06-11,27,S003,Riverside Park,06:20,06:23,3.6
2025-06-05,12,S004,University Gate,15:20,15:24,4.8
2025-06-07,14,S005,Industrial Estate,12:20,12:18,-1.8
2025-07-01,12,S001,Central Station,12:20,12:25,5.3
2025-06-13,27,S004,University Gate,09:20,09:22,2.5
2025-07-24,14,S001,Central Station,09:20,09:23,3.7
2025-07-31,12,S004,University Gate,06:20,06:25,5.3
2025-06-29,27,S004,University Gate,12:20,12:24,4.0
2025-06-02,14,S001,Central Station,09:20,09:23,3.9
2025-06-28,14,S005,Industrial Estate,06:20,06:26,6.3
2025-07-10,12,S004,University Gate,12:20,12:22,2.7
2025-06-18,14,S002,Market Street,12:20,12:29,9.0
2025-07-23,12,S006,Harbor Road,09:20,09:25,5.9
2025-06-29,14,S005,Industrial Estate,09:20,09:24,4.7
2025-07-09,14,S005,Industrial Estate,09:20,09:24,4.5
2025-06-17,14,S005,Industrial Estate,12:20,12:25,5.9
2025-07-30,27,S003,Riverside Park,15:20,15:27,7.5
2025-07-06,27,S001,Central Station,06:20,06:22,2.8
2025-07-30,27,S005,Industrial Estate,12:20,12:18,-2.0
2025-07-09,27,S001,Central Station,15:20,15:20,0.4
2025-06-23,14,S001,Central Station,06:20,06:28,8.2
2025-07-04,14,S006,Harbor Road,06:20,06:27,7.4
2025-06-09,12,S005,Industrial Estate,12:20,12:19,-0.1
2025-07-31,12,S006,Harbor Road,15:20,15:21,1.4
2025-07-24,12,S006,Harbor Road,15:20,15:24,4.4
2025-06-12,12,S003,Riverside Park,06:20,06:28,8.1
2025-07-15,12,S005,Industrial Estate,15:20,15:24,4.7
2025-06-20,14,S004,University Gate,09:20,09:25,5.5
2025-07-02,14,S002,Market Street,09:20,09:30,10.3
2025-06-22,14,S003,Riverside Park,09:20,09:23,3.6
2025-07-14,14,S006,Harbor Road,06:20,06:29,9.3
2025-06-22,14,S005,Industrial Estate,15:20,15:26,6.8
2025-07-30,12,S003,Riverside Park,12:20,12:18,-2.0
2025-06-08,27,S002,Market Street,09:20,09:18,-2.0
2025-06-03,27,S006,Harbor Road,15:20,15:27,7.6
2025-06-06,27,S006,Harbor Road,15:20,15:24,4.2
2025-07-11,14,S002,Market Street,09:20,09:24,4.6
2025-07-24,12,S002,Market Street,06:20,06:28,8.3
2025-07-23,14,S005,Industrial Estate,15:20,15:27,7.8
2025-07-12,14,S006,Harbor Road,09:20,09:23,3.5
2025-07-08,27,S006,Harbor Road,12:20,12:19,-0.3
2025-07-30,14,S005,Industrial Estate,09:20,09:25,5.1
2025-07-09,27,S003,Riverside Park,09:20,09:22,2.0
2025-07-23,12,S004,University Gate,12:20,12:28,8.0
2025-06-13,14,S004,University Gate,06:20,06:21,1.7
2025-06-26,12,S004,University Gate,15:20,15:26,6.3
2025-07-14,12,S001,Central Station,12:20,12:23,3.9
2025-07-01,14,S005,Industrial Estate,06:20,06:23,3.9
2025-06-18,12,S004,University Gate,09:20,09:21,1.8
2025-07-27,14,S001,Central Station,15:20,15:27,7.4
2025-07-10,27,S004,University Gate,06:20,06:19,-0.1
2025-07-02,14,S001,Central Station,15:20,15:29,9.7
2025-07-12,12,S001,Central Station,09:20,09:23,3.5
2025-06-27,12,S003,Riverside Park,15:20,15:27,7.2
2025-06-29,14,S003,Riverside Park,12:20,12:25,5.2
2025-06-17,12,S002,Market Street,09:20,09:23,3.1
2025-06-15,14,S004,University Gate,12:20,12:22,2.7
2025-07-04,12,S004,University Gate,12:20,12:26,6.2
2025-06-08,14,S001,Central Station,06:20,06:25,5.3
2025-06-28,27,S002,Market Street,12:20,12:21,1.4
2025-06-29,12,S001,Central Station,12:20,12:24,4.0
2025-06-15,12,S006,Harbor Road,12:20,12:18,-2.0
2025-06-11,12,S003,Riverside Park,09:20,09:24,4.1
2025-06-23,14,S004,University Gate,09:20,09:22,2.9
2025-07-27,12,S004,University Gate,15:20,15:27,7.1
2025-07-27,14,S004,University Gate,12:20,12:24,4.1
2025-07-13,27,S004,University Gate,09:20,09:18,-2.0
2025-07-11,14,S006,Harbor Road,15:20,15:27,7.9
2025-06-07,27,S003,Riverside Park,09:20,09:22,2.8
2025-06-13,27,S002,Market Street,06:20,06:25,5.5
2025-06-30,27,S004,University Gate,09:20,09:22,2.4
2025-06-11,14,S001,Central Station,12:20,12:22,2.0
2025-07-25,12,S006,Harbor Road,06:20,06:20,0.7
2025-07-30,12,S004,University Gate,09:20,09:19,-0.5
2025-06-24,14,S003,Riverside Park,15:20,15:32,12.1
2025-06-12,27,S006,Harbor Road,06:20,06:20,0.2
2025-06-09,27,S002,Market Street,06:20,06:27,7.7
2025-07-16,27,S005,Industrial Estate,06:20,06:22,2.1
2025-07-02,27,S001,Central Station,06:20,06:20,0.9
2025-07-07,27,S003,Riverside Park,15:20,15:27,7.3
2025-07-28,27,S002,Market Street,15:20,15:21,1.0
2025-06-27,27,S006,Harbor Road,15:20,15:18,-2.0
2025-06-08,14,S003,Riverside Park,12:20,12:24,4.0
2025-07-26,27,S004,University Gate,15:20,15:22,2.9
2025-07-11,27,S001,Central Station,12:20,12:19,-0.4
2025-06-19,12,S003,Riverside Park,15:20,15:23,3.0
2025-06-20,14,S003,Riverside Park,12:20,12:25,5.0
2025-07-16,14,S004,University Gate,12:20,12:24,4.5
2025-07-16,27,S001,Central Station,09:20,09:18,-1.1
2025-07-12,12,S004,University Gate,06:20,,
2025-07-16,14,S003,Riverside Park,12:20,12:24,4.2
2025-07-13,14,S002,Market Street,15:20,15:21,1.0
2025-07-22,12,S005,Industrial Estate,15:20,15:19,-0.8
2025-06-05,14,S003,Riverside Park,15:20,15:29,9.8
2025-06-27,14,S002,Market Street,06:20,06:33,13.5
2025-07-16,27,S004,University Gate,06:20,06:23,3.8
2025-07-11,12,S006,Harbor Road,09:20,09:25,5.9
2025-07-01,12,S004,University Gate,06:20,06:20,0.5
2025-06-25,12,S006,Harbor Road,09:20,09:21,1.8
2025-06-27,27,S006,Harbor Road,09:20,09:22,2.8
2025-07-08,14,S003,Riverside Park,15:20,15:25,5.0
2025-06-27,27,S002,Market Street,15:20,15:19,-0.6
2025-06-28,27,S001,Central Station,09:20,09:18,-2.0
2025-06-30,27,S005,Industrial Estate,15:20,15:24,4.3
2025-07-25,27,S003,Riverside Park,15:20,15:21,1.5
2025-07-04,14,S002,Market Street,06:20,06:23,3.0
2025-06-27,14,S006,Harbor Road,15:20,15:26,6.3
2025-06-30,14,S002,Market Street,15:20,15:26,6.7
2025-06-24,14,S006,Harbor Road,06:20,06:27,7.0
2025-06-15,14,S006,Harbor Road,12:20,12:25,5.3
2025-06-25,27,S004,University Gate,12:20,12:22,2.2
2025-07-12,27,S001,Central Station,09:20,09:18,-2.0
2025-06-25,12,S002,Market Street,09:20,09:22,2.1
2025-07-19,14,S002,Market Street,06:20,06:27,7.5
2025-07-08,12,S003,Riverside Park,09:20,09:26,6.8
2025-07-29,27,S005,Industrial Estate,06:20,06:23,3.8
2025-06-15,27,S006,Harbor Road,12:20,12:20,0.5
2025-06-13,27,S005,Industrial Estate,12:20,12:23,3.9
2025-07-19,27,S002,Market Street,15:20,15:24,4.0
2025-06-28,27,S003,Riverside Park,06:20,06:18,-2.0
2025-07-13,12,S005,Industrial Estate,12:20,12:23,3.2
2025-06-02,27,S001,Central Station,06:20,06:20,0.9
2025-07-01,14,S002,Market Street,06:20,06:24,4.3
2025-07-27,14,S002,Market Street,09:20,09:24,4.6
2025-06-07,27,S003,Riverside Park,15:20,15:20,0.7
2025-06-22,27,S002,Market Street,09:20,09:20,-0.0
2025-06-03,12,S003,Riverside Park,15:20,15:21,1.3
2025-06-30,27,S002,Market Street,12:20,12:18,-2.0
2025-06-12,27,S002,Market Street,12:20,12:20,-0.0
2025-06-23,27,S005,Industrial Estate,12:20,12:23,3.7
2025-06-24,14,S005,Industrial Estate,15:20,15:27,7.1
2025-07-05,27,S001,Central Station,09:20,09:20,0.8
2025-06-26,12,S005,Industrial Estate,15:20,15:23,3.1
2025-06-16,27,S006,Harbor Road,15:20,15:20,0.8
2025-07-06,14,S006,Harbor Road,06:20,06:31,11.8
2025-07-20,14,S005,Industrial Estate,12:20,12:21,1.6
2025-06-22,12,S003,Riverside Park,09:20,09:22,2.0
2025-07-24,12,S006,Harbor Road,12:20,12:26,6.2
2025-06-17,27,S004,University Gate,09:20,09:19,-0.7
2025-06-30,27,S001,Central Station,06:20,06:21,1.3
2025-06-19,14,S001,Central Station,06:20,06:28,8.1
2025-07-04,12,S004,University Gate,09:20,09:21,1.7
2025-06-05,27,S003,Riverside Park,06:20,06:19,-0.6
2025-06-22,27,S006,Harbor Road,15:20,15:20,0.1
2025-06-28,27,S003,Riverside Park,12:20,,
2025-07-19,27,S002,Market Street,09:20,09:18,-2.0
2025-07-26,14,S006,Harbor Road,06:20,06:22,2.1
2025-07-10,12,S003,Riverside Park,06:20,06:25,5.8
2025-07-28,14,S002,Market Street,06:20,06:22,2.3
2025-07-14,27,S006,Harbor Road,06:20,06:23,3.0
2025-07-21,12,S005,Industrial Estate,15:20,15:27,7.1
2025-06-05,14,S004,University Gate,06:20,06:28,8.5
2025-06-16,14,S006,Harbor Road,15:20,15:25,5.8
2025-07-10,27,S002,Market Street,09:20,09:22,2.0
2025-06-04,27,S005,Industrial Estate,06:20,06:18,-2.0
2025-07-16,27,S005,Industrial Estate,09:20,09:22,2.1
2025-06-20,12,S002,Market Street,12:20,12:24,4.4
2025-06-09,27,S001,Central Station,09:20,09:23,3.6
2025-07-19,14,S005,Industrial Estate,15:20,15:28,8.8
2025-06-21,12,S006,Harbor Road,15:20,15:23,3.1
2025-07-22,12,S001,Central Station,06:20,06:22,2.9
2025-07-20,12,S002,Market Street,15:20,15:18,-1.4
2025-06-02,27,S003,Riverside Park,09:20,09:24,4.6
2025-06-12,14,S001,Central Station,12:20,12:25,5.7
2025-06-20,14,S006,Harbor Road,06:20,06:23,3.9
2025-07-10,27,S006,Harbor Road,15:20,15:21,1.8
2025-07-27,14,S003,Riverside Park,06:20,06:23,3.8
2025-07-13,12,S001,Central Station,12:20,12:21,1.9
2025-06-29,14,S003,Riverside Park,15:20,15:25,5.2
2025-07-23,27,S005,Industrial Estate,12:20,12:20,0.7
2025-06-16,14,S004,University Gate,09:20,09:21,1.5
2025-07-17,14,S002,Market Street,12:20,,
2025-06-26,12,S004,University Gate,12:20,12:18,-1.2
2025-06-13,27,S001,Central Station,09:20,09:24,4.3
2025-07-01,12,S005,Industrial Estate,06:20,06:27,7.4
2025-06-25,12,S003,Riverside Park,09:20,09:22,2.7
2025-07-30,27,S001,Central Station,15:20,15:24,4.9
2025-07-25,14,S003,Riverside Park,06:20,06:21,1.6
2025-07-22,12,S006,Harbor Road,09:20,09:27,7.2
2025-06-22,12,S004,University Gate,09:20,09:23,3.0
2025-06-26,14,S005,Industrial Estate,15:20,15:29,9.8
2025-06-23,27,S004,University Gate,12:20,12:18,-1.9
2025-06-15,27,S001,Central Station,12:20,12:22,2.5
2025-06-13,14,S004,University Gate,12:20,12:26,6.4
2025-07-09,12,S001,Central Station,06:20,06:24,4.5
2025-06-05,27,S003,Riverside Park,12:20,12:21,1.8
2025-06-07,14,S002,Market Street,06:20,06:28,8.5
2025-07-14,14,S004,University Gate,12:20,12:28,8.4
2025-07-31,14,S006,Harbor Road,06:20,06:21,1.3
2025-07-15,14,S006,Harbor Road,15:20,15:24,4.1
2025-06-08,27,S002,Market Street,12:20,12:18,-2.0
2025-07-10,12,S005,Industrial Estate,09:20,09:18,-1.8
2025-07-20,14,S001,Central Station,06:20,06:21,1.2
2025-07-08,12,S002,Market Street,06:20,06:25,5.0
2025-07-28,27,S004,University Gate,15:20,15:23,3.2
2025-06-08,12,S006,Harbor Road,06:20,06:21,1.1
2025-07-08,27,S006,Harbor Road,09:20,09:20,0.2
2025-07-12,14,S005,Industrial Estate,06:20,06:26,6.5
2025-07-23,12,S003,Riverside Park,12:20,12:22,2.1
2025-07-25,12,S002,Market Street,09:20,09:19,-0.8
2025-06-24,12,S002,Market Street,06:20,06:20,0.6
2025-07-28,12,S005,Industrial Estate,12:20,,
2025-06-29,27,S006,Harbor Road,06:20,06:25,5.0
2025-06-28,12,S001,Central Station,12:20,12:25,5.1
2025-07-19,27,S004,University Gate,09:20,09:23,3.2
2025-06-21,12,S003,Riverside Park,12:20,12:21,1.1
2025-06-03,12,S005,Industrial Estate,12:20,12:25,5.2
2025-07-14,27,S001,Central Station,06:20,06:23,3.6
2025-06-26,12,S005,Industrial Estate,09:20,09:20,0.1
2025-07-28,14,S003,Riverside Park,12:20,12:20,0.8
2025-06-24,27,S003,Riverside Park,09:20,09:22,2.9
2025-07-13,12,S003,Riverside Park,09:20,09:24,4.4
2025-06-16,14,S004,University Gate,12:20,12:26,6.8
2025-06-19,12,S006,Harbor Road,06:20,06:28,8.4
2025-06-08,14,S001,Central Station,15:20,15:23,3.6
2025-06-29,27,S001,Central Station,15:20,15:19,-0.7
2025-06-11,14,S002,Market Street,15:20,15:27,7.7
2025-06-23,12,S002,Market Street,12:20,12:19,-0.4
2025-06-08,14,S006,Harbor Road,09:20,09:21,1.6
2025-07-27,27,S003,Riverside Park,09:20,09:18,-2.0
2025-07-04,14,S003,Riverside Park,09:20,09:25,5.3
2025-07-12,12,S002,Market Street,09:20,09:20,0.6
2025-07-14,14,S005,Industrial Estate,09:20,09:23,3.6
2025-07-15,27,S006,Harbor Road,12:20,12:19,-0.3
2025-07-13,14,S001,Central Station,09:20,09:30,10.6
2025-07-14,12,S001,Central Station,15:20,15:27,7.6
2025-07-25,27,S004,University Gate,06:20,06:25,5.3
2025-07-31,27,S005,Industrial Estate,06:20,06:22,2.6
2025-07-06,12,S001,Central Station,09:20,09:24,4.3
2025-07-09,27,S006,Harbor Road,06:20,06:23,3.7
2025-07-29,12,S003,Riverside Park,06:20,06:23,3.0
2025-06-20,27,S004,University Gate,12:20,12:23,3.2
2025-07-02,14,S004,University Gate,12:20,12:26,6.9
2025-06-17,12,S003,Riverside Park,06:20,06:23,3.0
2025-07-04,12,S004,University Gate,15:20,15:26,6.2
2025-06-18,14,S005,Industrial Estate,09:20,09:24,4.8
2025-07-29,14,S003,Riverside Park,06:20,06:26,6.5
2025-06-10,12,S005,Industrial Estate,09:20,09:26,6.8
2025-06-29,12,S004,University Gate,12:20,12:18,-2.0
2025-07-08,27,S002,Market Street,09:20,09:18,-1.1
2025-07-18,14,S001,Central Station,15:20,15:27,7.8
2025-07-02,12,S004,University Gate,09:20,09:23,3.7
2025-07-16,27,S003,Riverside Park,12:20,12:18,-2.0
2025-07-14,12,S003,Riverside Park,09:20,09:23,3.3
2025-07-03,27,S002,Market Street,06:20,06:24,4.9
2025-06-27,27,S003,Riverside Park,09:20,09:19,-0.6
2025-07-04,14,S001,Central Station,12:20,12:26,6.4
2025-07-31,27,S004,University Gate,15:20,15:22,2.9
2025-07-29,14,S005,Industrial Estate,15:20,15:25,5.9
2025-06-20,14,S003,Riverside Park,06:20,06:28,8.1
2025-07-13,12,S005,Industrial Estate,15:20,15:22,2.6
2025-07-03,27,S006,Harbor Road,15:20,15:19,-0.8
2025-07-27,14,S003,Riverside Park,12:20,12:25,5.8
2025-07-29,14,S002,Market Street,12:20,12:27,7.6
2025-06-03,27,S006,Harbor Road,12:20,12:20,0.5
2025-07-30,12,S002,Market Street,06:20,06:20,0.8
2025-06-09,12,S006,Harbor Road,09:20,09:19,-0.9
2025-07-18,14,S001,Central Station,12:20,12:26,6.2
2025-07-16,27,S005,Industrial Estate,15:20,15:25,5.4
2025-06-03,14,S005,Industrial Estate,15:20,15:23,3.4
2025-06-14,12,S006,Harbor Road,06:20,06:26,6.1
2025-06-12,12,S006,Harbor Road,15:20,15:27,7.4
2025-06-28,12,S006,Harbor Road,12:20,12:18,-1.2
2025-07-01,14,S006,Harbor Road,15:20,15:28,8.9
2025-06-04,27,S001,Central Station,12:20,12:18,-2.0
2025-06-19,12,S002,Market Street,09:20,09:24,4.3
2025-06-19,12,S002,Market Street,15:20,15:22,2.6
2025-07-24,12,S003,Riverside Park,12:20,12:20,0.3
2025-07-01,14,S003,Riverside Park,15:20,15:26,6.2
2025-06-13,12,S005,Industrial Estate,06:20,06:21,1.0
2025-06-25,12,S005,Industrial Estate,06:20,06:23,3.4
2025-07-03,12,S006,Harbor Road,06:20,06:25,5.7
2025-07-07,12,S005,Industrial Estate,09:20,09:22,2.8
2025-07-15,12,S001,Central Station,06:20,06:18,-2.0
2025-06-08,27,S003,Riverside Park,12:20,12:20,0.3
2025-07-06,14,S003,Riverside Park,06:20,06:24,4.4
2025-07-14,14,S002,Market Street,09:20,09:26,6.2
2025-06-11,12,S002,Market Street,12:20,12:23,3.6
2025-06-21,27,S005,Industrial Estate,15:20,15:18,-2.0
2025-06-06,14,S005,Industrial Estate,09:20,09:19,-0.2
2025-07-06,27,S005,Industrial Estate,09:20,09:19,-0.9
2025-07-29,12,S005,Industrial Estate,06:20,06:27,7.0
2025-07-31,27,S005,Industrial Estate,09:20,09:20,-0.0
2025-07-23,27,S006,Harbor Road,12:20,12:21,1.7
2025-06-04,27,S004,University Gate,15:20,15:23,3.0
2025-07-07,27,S001,Central Station,12:20,12:24,4.0
2025-06-23,12,S002,Market Street,15:20,15:26,6.2
2025-07-22,27,S005,Industrial Estate,09:20,09:18,-2.0
2025-06-07,12,S003,Riverside Park,09:20,09:21,1.6
2025-06-04,14,S005,Industrial Estate,12:20,12:25,5.7
2025-07-24,14,S001,Central Station,12:20,12:21,1.4
2025-06-27,27,S005,Industrial Estate,12:20,12:20,0.2
2025-07-24,14,S004,University Gate,12:20,12:21,1.6
2025-07-20,12,S006,Harbor Road,15:20,15:21,1.0
2025-06-11,14,S006,Harbor Road,06:20,06:23,3.8
2025-06-11,12,S006,Harbor Road,12:20,12:18,-2.0
2025-07-24,14,S005,Industrial Estate,15:20,15:27,7.9
2025-06-29,27,S003,Riverside Park,15:20,15:23,3.6
2025-06-02,12,S004,University Gate,12:20,12:20,0.7
2025-06-03,14,S006,Harbor Road,06:20,06:24,4.9
2025-07-05,27,S001,Central Station,12:20,12:21,1.4
2025-06-19,14,S006,Harbor Road,12:20,12:21,1.7
2025-07-24,27,S002,Market Street,09:20,09:25,5.4
2025-07-06,27,S006,Harbor Road,09:20,09:20,0.1
2025-07-15,12,S002,Market Street,06:20,06:23,3.7
2025-07-27,14,S003,Riverside Park,15:20,15:26,6.6
2025-07-13,27,S001,Central Station,15:20,15:20,0.1
2025-07-11,12,S001,Central Station,15:20,15:25,5.0
2025-07-13,14,S001,Central Station,15:20,15:29,9.5
2025-07-17,12,S005,Industrial Estate,09:20,09:23,3.4
2025-07-10,12,S006,Harbor Road,06:20,06:21,1.3
2025-07-25,27,S002,Market Street,09:20,09:21,1.0
2025-07-24,14,S005,Industrial Estate,12:20,12:26,6.1
2025-06-20,12,S005,Industrial Estate,06:20,06:26,6.7
2025-06-24,14,S004,University Gate,12:20,12:23,3.7
2025-07-16,12,S004,University Gate,15:20,15:24,4.4
2025-07-26,12,S005,Industrial Estate,09:20,09:22,2.4
2025-06-23,14,S005,Industrial Estate,06:20,06:27,7.2
2025-06-06,14,S004,University Gate,06:20,06:30,10.0
2025-06-14,14,S003,Riverside Park,09:20,09:23,3.7
2025-07-31,12,S001,Central Station,06:20,06:20,0.9
2025-07-09,14,S003,Riverside Park,06:20,06:22,2.8
2025-07-25,12,S005,Industrial Estate,12:20,12:24,4.3
2025-07-24,14,S001,Central Station,06:20,06:22,2.5
2025-07-23,14,S005,Industrial Estate,12:20,12:19,-0.6
2025-06-12,12,S004,University Gate,15:20,15:22,2.2
2025-06-17,27,S003,Riverside Park,15:20,15:22,2.0
2025-06-17,27,S001,Central Station,09:20,09:22,2.6
2025-07-25,12,S004,University Gate,12:20,12:25,5.0
2025-07-20,12,S004,University Gate,06:20,06:22,2.3
2025-06-27,14,S001,Central Station,12:20,12:25,5.6
2025-06-04,12,S001,Central Station,15:20,15:23,3.0
2025-07-23,14,S006,Harbor Road,09:20,09:22,2.2
2025-07-28,27,S006,Harbor Road,12:20,12:25,5.7
2025-07-07,14,S001,Central Station,12:20,12:24,4.0
2025-06-26,14,S003,Riverside Park,15:20,15:25,5.0
2025-07-29,27,S004,University Gate,06:20,06:26,6.1
2025-06-14,12,S005,Industrial Estate,12:20,12:26,6.0
2025-06-03,27,S006,Harbor Road,06:20,06:19,-0.6
2025-06-11,12,S002,Market Street,15:20,15:21,1.7
2025-07-03,14,S002,Market Street,09:20,09:23,3.8
2025-07-20,12,S001,Central Station,06:20,06:24,4.2
2025-07-06,14,S003,Riverside Park,15:20,15:28,8.5
2025-06-15,14,S005,Industrial Estate,12:20,12:22,2.5
2025-07-13,14,S003,Riverside Park,09:20,09:24,4.1
2025-07-22,14,S006,Harbor Road,09:20,09:28,8.9
2025-06-21,27,S001,Central Station,12:20,12:20,0.9
2025-06-30,27,S006,Harbor Road,15:20,15:22,2.5
2025-06-04,14,S002,Market Street,15:20,15:24,4.5
2025-06-30,27,S005,Industrial Estate,09:20,09:19,-0.2
2025-06-13,12,S003,Riverside Park,12:20,12:18,-2.0
2025-06-18,14,S005,Industrial Estate,06:20,06:26,6.4
2025-07-11,27,S002,Market Street,06:20,06:21,1.8
2025-06-26,14,S001,Central Station,09:20,09:24,4.2
2025-07-29,12,S002,Market Street,12:20,12:23,3.5
2025-07-10,12,S003,Riverside Park,15:20,15:22,2.1
2025-07-15,14,S004,University Gate,12:20,12:29,9.6
2025-06-10,27,S006,Harbor Road,09:20,09:18,-1.1
2025-06-05,27,S002,Market Street,12:20,12:21,1.9
2025-07-01,27,S005,Industrial Estate,15:20,15:25,5.1
2025-07-26,12,S004,University Gate,15:20,15:25,5.8
2025-07-09,12,S006,Harbor Road,12:20,12:22,2.6
2025-07-04,12,S005,Industrial Estate,06:20,06:22,2.7
2025-06-15,12,S002,Market Street,09:20,09:18,-1.1
2025-07-12,27,S006,Harbor Road,12:20,12:23,3.0
2025-07-11,12,S005,Industrial Estate,12:20,12:25,5.9
2025-07-14,12,S001,Central Station,06:20,06:25,5.4
2025-07-30,12,S005,Industrial Estate,06:20,06:25,5.8
2025-06-23,14,S006,Harbor Road,06:20,06:29,9.1
2025-06-29,14,S001,Central Station,09:20,09:25,5.8
2025-06-26,14,S002,Market Street,06:20,06:24,4.7
2025-06-28,14,S006,Harbor Road,15:20,15:26,6.6
2025-07-16,12,S005,Industrial Estate,15:20,15:28,8.5
2025-06-26,12,S006,Harbor Road,09:20,09:23,3.8
2025-07-07,12,S004,University Gate,12:20,12:20,0.4
2025-06-10,14,S004,University Gate,06:20,06:23,3.5
2025-07-31,27,S001,Central Station,09:20,09:20,0.4
2025-06-24,12,S001,Central Station,12:20,12:20,0.8
2025-06-14,27,S004,University Gate,06:20,06:20,0.2
2025-06-06,12,S003,Riverside Park,15:20,15:26,6.4
2025-07-03,14,S006,Harbor Road,09:20,09:28,8.2
2025-06-25,14,S005,Industrial Estate,06:20,06:27,7.5
2025-06-08,12,S005,Industrial Estate,09:20,09:18,-1.3
2025-07-12,27,S003,Riverside Park,09:20,09:18,-2.0
2025-07-27,14,S002,Market Street,15:20,15:22,2.7
2025-06-20,12,S001,Central Station,09:20,09:21,1.7
2025-06-14,27,S002,Market Street,12:20,12:18,-1.8
2025-07-18,27,S003,Riverside Park,09:20,09:20,0.8
2025-06-20,27,S002,Market Street,09:20,09:21,1.5
2025-06-08,27,S001,Central Station,09:20,09:20,0.2
2025-07-12,27,S005,Industrial Estate,06:20,06:22,2.5
2025-06-12,12,S003,Riverside Park,12:20,12:18,-1.1
2025-06-11,14,S003,Riverside Park,15:20,15:26,6.9
2025-07-24,12,S002,Market Street,15:20,15:19,-0.7
2025-07-10,27,S005,Industrial Estate,09:20,09:22,2.8
2025-06-30,12,S001,Central Station,06:20,06:22,2.8
2025-06-19,14,S006,Harbor Road,15:20,15:27,7.1
2025-06-16,12,S002,Market Street,15:20,15:22,2.2
2025-07-04,12,S001,Central Station,15:20,15:23,3.8
2025-07-05,12,S004,University Gate,15:20,15:28,8.0
2025-07-03,27,S005,Industrial Estate,15:20,15:24,4.1
2025-07-03,14,S001,Central Station,06:20,06:24,4.6
2025-06-26,12,S001,Central Station,15:20,15:21,1.5
2025-06-29,14,S005,Industrial Estate,15:20,15:26,6.1
2025-07-29,12,S005,Industrial Estate,15:20,15:26,6.6
2025-06-05,14,S003,Riverside Park,12:20,12:22,2.8
2025-07-21,12,S002,Market Street,06:20,06:20,0.4
2025-06-30,14,S003,Riverside Park,09:20,09:29,9.9
2025-07-17,27,S003,Riverside Park,15:20,15:24,4.1
2025-06-29,14,S006,Harbor Road,09:20,09:28,8.4
2025-07-07,27,S004,University Gate,09:20,09:24,4.3
2025-06-13,14,S003,Riverside Park,15:20,15:26,6.7
2025-06-03,27,S004,University Gate,15:20,15:24,4.0
2025-07-02,12,S006,Harbor Road,15:20,15:28,8.7
2025-07-26,27,S002,Market Street,12:20,12:18,-2.0
2025-07-23,27,S003,Riverside Park,15:20,15:22,2.8
2025-06-13,12,S005,Industrial Estate,09:20,09:21,1.5
2025-06-29,27,S002,Market Street,06:20,06:18,-1.6
2025-06-21,12,S002,Market Street,09:20,09:22,2.0
2025-07-11,27,S002,Market Street,12:20,12:20,0.2
2025-06-04,12,S006,Harbor Road,09:20,09:21,1.8
2025-07-03,27,S001,Central Station,06:20,06:22,2.6
2025-06-09,12,S005,Industrial Estate,15:20,15:20,0.5
2025-06-26,27,S002,Market Street,09:20,09:20,0.4
2025-06-16,12,S004,University Gate,12:20,12:24,4.0
2025-07-17,12,S006,Harbor Road,15:20,15:23,3.1
2025-06-07,12,S005,Industrial Estate,15:20,15:27,7.5
2025-06-24,27,S001,Central Station,09:20,09:18,-2.0
2025-06-15,27,S006,Harbor Road,09:20,09:22,2.0
2025-07-02,12,S005,Industrial Estate,12:20,12:21,1.9
2025-07-15,12,S002,Market Street,15:20,15:23,3.5
2025-07-06,12,S004,University Gate,06:20,06:20,0.2
2025-07-16,12,S003,Riverside Park,12:20,12:21,1.8
2025-07-24,27,S004,University Gate,09:20,09:20,0.3
2025-06-10,27,S003,Riverside Park,12:20,12:21,1.6
2025-06-10,27,S005,Industrial Estate,06:20,06:25,5.6
2025-07-07,14,S003,Riverside Park,06:20,06:24,4.9
2025-07-08,12,S004,University Gate,09:20,09:23,3.5
2025-07-06,12,S002,Market Street,12:20,12:20,0.9
2025-07-26,14,S002,Market Street,06:20,06:20,0.3
2025-06-25,27,S003,Riverside Park,09:20,09:25,5.4
2025-06-29,27,S006,Harbor Road,09:20,09:18,-1.3
2025-07-14,12,S005,Industrial Estate,09:20,09:19,-0.4
2025-06-11,27,S003,Riverside Park,15:20,,
2025-06-24,27,S001,Central Station,06:20,06:22,2.0
2025-07-16,12,S005,Industrial Estate,06:20,06:21,1.7
2025-06-16,12,S004,University Gate,06:20,06:24,4.5
2025-07-10,12,S001,Central Station,12:20,12:21,1.3
2025-07-18,14,S003,Riverside Park,15:20,15:24,4.7
2025-07-22,12,S002,Market Street,15:20,15:23,3.6
2025-07-22,12,S002,Market Street,06:20,06:21,1.9
2025-06-10,14,S006,Harbor Road,12:20,12:24,4.9
2025-06-02,12,S001,Central Station,15:20,15:25,5.8
2025-06-06,12,S002,Market Street,15:20,15:20,0.8
2025-06-21,27,S006,Harbor Road,09:20,09:20,0.7
2025-06-26,12,S002,Market Street,12:20,12:22,2.2
2025-07-26,12,S003,Riverside Park,09:20,09:20,0.3
2025-06-08,14,S002,Market Street,06:20,06:26,6.8
2025-07-16,12,S003,Riverside Park,06:20,06:27,7.4
2025-06-13,27,S003,Riverside Park,06:20,06:21,1.7
2025-06-25,14,S002,Market Street,15:20,15:25,5.6
2025-07-06,27,S003,Riverside Park,09:20,09:22,2.6
2025-07-23,27,S002,Market Street,09:20,09:20,0.5
2025-06-24,14,S004,University Gate,06:20,06:21,1.5
2025-06-11,14,S005,Industrial Estate,06:20,06:26,6.5
2025-06-25,12,S001,Central Station,12:20,12:25,5.3
2025-06-30,27,S003,Riverside Park,12:20,12:18,-1.8
2025-06-11,27,S006,Harbor Road,15:20,15:24,4.2
2025-07-05,12,S006,Harbor Road,12:20,12:23,3.5
2025-06-07,12,S003,Riverside Park,15:20,15:22,2.0
2025-07-04,27,S001,Central Station,12:20,12:18,-2.0
2025-06-16,14,S006,Harbor Road,06:20,06:23,3.3
2025-07-22,12,S002,Market Street,09:20,09:25,5.6
2025-07-07,27,S005,Industrial Estate,06:20,06:23,3.9
2025-07-08,12,S002,Market Street,15:20,15:20,0.7
2025-06-17,12,S003,Riverside Park,15:20,15:23,3.6
2025-06-21,14,S001,Central Station,06:20,06:26,6.7
2025-06-16,12,S001,Central Station,15:20,15:20,0.9
2025-06-26,12,S006,Harbor Road,12:20,12:20,0.8
2025-07-23,14,S006,Harbor Road,12:20,12:28,8.2
2025-06-19,27,S006,Harbor Road,12:20,12:18,-1.6
2025-06-06,12,S003,Riverside Park,06:20,06:23,3.7
2025-06-15,14,S004,University Gate,06:20,06:27,7.5
2025-07-08,14,S003,Riverside Park,06:20,06:23,3.5
2025-06-30,14,S004,University Gate,06:20,06:27,7.2
2025-07-25,27,S006,Harbor Road,09:20,09:21,1.7
2025-07-15,12,S002,Market Street,09:20,09:28,8.0
2025-06-18,12,S006,Harbor Road,09:20,09:24,4.7
2025-07-10,12,S006,Harbor Road,12:20,12:22,2.3
2025-06-10,14,S006,Harbor Road,09:20,09:25,5.8
2025-06-07,14,S001,Central Station,15:20,15:26,6.9
2025-06-03,27,S004,University Gate,12:20,12:23,3.5
2025-06-17,14,S002,Market Street,12:20,12:23,3.0
2025-06-26,27,S005,Industrial Estate,15:20,15:21,1.2
2025-06-27,14,S003,Riverside Park,09:20,09:22,2.0
2025-07-02,27,S006,Harbor Road,06:20,06:20,0.1
2025-07-13,14,S006,Harbor Road,15:20,15:26,6.7
2025-07-05,12,S002,Market Street,15:20,15:18,-1.5
2025-06-02,12,S006,Harbor Road,15:20,15:25,5.2
2025-07-01,12,S001,Central Station,15:20,15:18,-1.9
2025-06-13,12,S003,Riverside Park,06:20,06:23,3.6
2025-06-26,12,S003,Riverside Park,12:20,12:24,4.7
2025-07-15,27,S004,University Gate,12:20,12:22,2.8
2025-06-11,12,S005,Industrial Estate,06:20,06:24,4.3
2025-07-30,14,S005,Industrial Estate,06:20,06:22,2.6
2025-07-01,12,S003,Riverside Park,12:20,12:18,-2.0
2025-07-05,27,S003,Riverside Park,15:20,15:19,-0.9
2025-07-28,14,S002,Market Street,09:20,09:25,5.8
2025-06-23,14,S003,Riverside Park,06:20,06:20,0.9
2025-06-08,14,S006,Harbor Road,12:20,12:26,6.1
2025-07-02,27,S003,Riverside Park,06:20,06:21,1.7
2025-07-18,12,S004,University Gate,15:20,15:24,4.4
2025-07-04,14,S002,Market Street,09:20,09:24,4.3
2025-07-02,12,S004,University Gate,15:20,15:29,9.9
2025-07-23,14,S006,Harbor Road,15:20,15:25,5.0
2025-06-09,14,S004,University Gate,12:20,12:24,4.9
2025-07-21,27,S004,University Gate,15:20,15:22,2.9
2025-06-28,12,S001,Central Station,15:20,15:23,3.3
2025-06-30,14,S005,Industrial Estate,12:20,12:26,6.1
2025-06-09,27,S006,Harbor Road,12:20,12:20,0.4
2025-06-19,27,S003,Riverside Park,09:20,09:21,1.4
2025-07-04,12,S003,Riverside Park,12:20,,
2025-06-20,27,S003,Riverside Park,12:20,12:21,1.4
2025-06-10,12,S003,Riverside Park,09:20,09:21,1.2
2025-07-14,12,S003,Riverside Park,12:20,12:18,-1.8
2025-06-02,14,S003,Riverside Park,09:20,09:23,3.0
2025-07-17,14,S003,Riverside Park,15:20,15:22,2.0
2025-06-29,12,S004,University Gate,15:20,15:22,2.3
2025-06-29,12,S001,Central Station,09:20,09:19,-0.6
2025-07-06,27,S002,Market Street,09:20,09:18,-2.0
2025-07-05,27,S002,Market Street,06:20,06:24,4.1
2025-07-27,12,S003,Riverside Park,06:20,06:21,1.9
2025-07-23,12,S003,Riverside Park,06:20,06:23,3.9
2025-06-24,12,S006,Harbor Road,15:20,15:22,2.2
2025-06-04,12,S003,Riverside Park,15:20,15:25,5.2
2025-07-29,14,S006,Harbor Road,09:20,09:26,6.7
2025-06-25,14,S005,Industrial Estate,15:20,15:26,6.5
2025-06-06,14,S004,University Gate,15:20,15:31,11.0
2025-07-01,12,S006,Harbor Road,15:20,15:27,7.9
2025-07-22,27,S003,Riverside Park,09:20,09:24,4.5
2025-06-14,14,S005,Industrial Estate,15:20,15:21,1.2
2025-07-19,27,S001,Central Station,12:20,12:18,-1.7
2025-06-08,27,S002,Market Street,15:20,15:23,3.5
2025-07-08,12,S001,Central Station,06:20,06:25,5.5
2025-07-31,27,S003,Riverside Park,15:20,15:23,3.0
2025-07-14,14,S006,Harbor Road,09:20,09:23,3.9
2025-06-10,14,S003,Riverside Park,09:20,09:25,5.5
2025-06-30,14,S001,Central Station,06:20,06:21,1.9
2025-07-19,14,S002,Market Street,09:20,09:25,5.1
2025-07-13,27,S002,Market Street,09:20,09:22,2.2
2025-07-16,12,S006,Harbor Road,12:20,12:25,5.2
2025-06-19,14,S002,Market Street,12:20,12:26,6.7
2025-07-12,27,S002,Market Street,06:20,06:24,4.8
2025-06-20,27,S001,Central Station,06:20,06:23,3.7
2025-06-02,27,S005,Industrial Estate,09:20,09:18,-2.0
2025-06-25,14,S001,Central Station,09:20,09:24,4.4
2025-06-14,14,S006,Harbor Road,09:20,09:24,4.5
2025-07-25,12,S001,Central Station,12:20,12:25,5.4
2025-06-29,12,S002,Market Street,09:20,09:18,-2.0
2025-07-30,14,S003,Riverside Park,12:20,12:22,2.6
2025-07-14,27,S005,Industrial Estate,09:20,09:19,-0.5
2025-07-31,12,S003,Riverside Park,15:20,15:23,3.2
2025-07-14,27,S003,Riverside Park,12:20,12:18,-2.0
2025-07-09,27,S005,Industrial Estate,12:20,12:19,-1.0
2025-07-03,27,S004,University Gate,12:20,12:20,0.0
2025-06-13,14,S004,University Gate,09:20,09:21,1.8
2025-07-26,14,S003,Riverside Park,06:20,06:23,3.5
2025-07-04,14,S005,Industrial Estate,15:20,15:30,10.0
2025-07-25,14,S005,Industrial Estate,09:20,09:24,4.0
2025-07-26,14,S004,University Gate,12:20,12:21,1.1
2025-07-25,14,S002,Market Street,09:20,09:24,4.6
2025-06-18,27,S005,Industrial Estate,15:20,15:23,3.8
2025-06-18,14,S004,University Gate,09:20,09:23,3.0
2025-07-17,12,S002,Market Street,09:20,09:19,-0.2
2025-07-27,14,S006,Harbor Road,09:20,09:18,-1.2
2025-07-24,14,S001,Central Station,15:20,15:23,3.2
2025-07-29,14,S002,Market Street,09:20,09:22,2.8
2025-07-28,27,S006,Harbor Road,06:20,06:22,2.5
2025-07-10,14,S003,Riverside Park,15:20,15:23,3.7
2025-07-28,14,S006,Harbor Road,12:20,,
2025-06-02,14,S006,Harbor Road,12:20,12:26,6.1
2025-06-11,14,S004,University Gate,15:20,15:24,4.8
2025-06-15,14,S001,Central Station,06:20,06:23,3.4
2025-07-22,12,S001,Central Station,12:20,12:21,1.0
2025-07-30,14,S004,University Gate,15:20,15:25,5.4
2025-06-13,12,S002,Market Street,06:20,06:19,-1.0
2025-06-14,12,S004,University Gate,12:20,12:23,3.2
2025-07-01,12,S006,Harbor Road,09:20,09:25,5.0
2025-06-16,27,S001,Central Station,15:20,15:19,-0.2
2025-06-14,12,S004,University Gate,09:20,09:27,7.0
2025-06-17,27,S005,Industrial Estate,06:20,06:19,-0.2
2025-07-09,12,S002,Market Street,15:20,15:27,7.8
2025-07-10,14,S006,Harbor Road,06:20,06:27,7.8
2025-06-17,14,S003,Riverside Park,15:20,15:29,9.0
2025-07-27,14,S005,Industrial Estate,09:20,09:25,5.4
2025-07-13,27,S003,Riverside Park,12:20,12:21,1.2
2025-06-09,12,S006,Harbor Road,12:20,12:24,4.1
2025-06-17,27,S006,Harbor Road,12:20,12:22,2.9
2025-06-16,27,S005,Industrial Estate,06:20,06:21,1.6
2025-06-29,14,S003,Riverside Park,06:20,06:25,5.5
2025-07-06,14,S002,Market Street,15:20,15:25,5.8
2025-07-29,12,S001,Central Station,09:20,09:20,0.2
2025-07-28,14,S001,Central Station,15:20,15:22,2.5
2025-06-20,12,S004,University Gate,09:20,09:24,4.3
2025-06-20,27,S005,Industrial Estate,09:20,09:23,3.9
2025-06-21,12,S006,Harbor Road,12:20,12:21,1.3
2025-06-11,12,S006,Harbor Road,06:20,06:21,1.3
2025-07-25,27,S006,Harbor Road,06:20,06:19,-0.4
2025-07-11,14,S003,Riverside Park,15:20,15:24,4.0
2025-07-31,12,S006,Harbor Road,12:20,12:21,1.2
2025-06-04,14,S006,Harbor Road,06:20,06:27,7.0
2025-06-02,12,S006,Harbor Road,12:20,12:21,1.7
2025-06-29,27,S003,Riverside Park,09:20,09:22,2.9
2025-07-18,12,S001,Central Station,12:20,12:21,1.9
2025-06-21,27,S006,Harbor Road,12:20,12:18,-2.0
2025-07-15,14,S001,Central Station,06:20,06:24,4.9
2025-07-10,14,S005,Industrial Estate,15:20,15:24,4.9
2025-07-06,14,S004,University Gate,12:20,12:28,8.1
2025-06-03,12,S003,Riverside Park,06:20,06:22,2.2
2025-06-12,12,S006,Harbor Road,12:20,12:20,0.7
2025-06-09,12,S006,Harbor Road,06:20,06:21,1.6
2025-06-20,14,S005,Industrial Estate,15:20,15:23,3.3
2025-07-22,27,S006,Harbor Road,15:20,15:25,5.9
2025-06-25,12,S006,Harbor Road,06:20,06:22,2.5
2025-06-30,12,S004,University Gate,09:20,09:22,2.0
2025-06-15,14,S002,Market Street,15:20,15:25,5.8
2025-06-04,12,S002,Market Street,12:20,12:26,6.1
2025-07-11,12,S002,Market Street,06:20,06:22,2.1
2025-06-23,14,S005,Industrial Estate,15:20,15:29,9.4
2025-07-06,12,S006,Harbor Road,09:20,09:26,6.0
2025-06-18,27,S005,Industrial Estate,12:20,12:22,2.0
2025-06-18,12,S002,Market Street,12:20,12:22,2.5
2025-07-26,12,S001,Central Station,12:20,12:22,2.7
2025-07-15,14,S003,Riverside Park,12:20,12:24,4.3
2025-07-14,27,S001,Central Station,15:20,15:21,1.4
2025-06-14,27,S001,Central Station,12:20,12:18,-1.8
2025-07-01,14,S002,Market Street,09:20,09:21,1.5
2025-06-10,27,S003,Riverside Park,06:20,06:22,2.3
2025-06-11,27,S003,Riverside Park,09:20,09:22,2.9
2025-07-01,27,S003,Riverside Park,09:20,09:18,-2.0
2025-07-30,14,S006,Harbor Road,15:20,15:29,9.5
2025-07-12,27,S002,Market Street,12:20,12:23,3.7
2025-07-03,27,S006,Harbor Road,09:20,09:19,-0.4
2025-07-06,27,S004,University Gate,12:20,12:18,-2.0
2025-06-18,14,S006,Harbor Road,15:20,15:25,5.5
2025-06-04,12,S002,Market Street,06:20,06:24,4.7
2025-07-17,27,S003,Riverside Park,12:20,12:25,5.6
2025-06-24,27,S006,Harbor Road,15:20,15:22,2.2
2025-07-30,12,S005,Industrial Estate,12:20,12:23,3.1
2025-07-01,12,S005,Industrial Estate,12:20,12:20,0.4
2025-07-02,27,S001,Central Station,12:20,12:24,4.0
2025-07-03,14,S004,University Gate,06:20,06:27,7.3
2025-06-05,14,S004,University Gate,12:20,12:32,12.8
2025-07-09,14,S006,Harbor Road,09:20,09:24,4.9
2025-06-20,27,S004,University Gate,15:20,15:20,0.2
2025-07-19,14,S006,Harbor Road,15:20,15:26,6.4
2025-07-06,14,S006,Harbor Road,15:20,15:24,4.0
2025-06-12,14,S002,Market Street,09:20,09:25,5.1
2025-06-27,12,S004,University Gate,15:20,15:30,10.1
2025-07-27,12,S002,Market Street,12:20,12:25,5.5
2025-06-10,14,S003,Riverside Park,12:20,12:23,3.7
2025-07-21,27,S005,Industrial Estate,06:20,06:19,-0.8
2025-07-06,12,S002,Market Street,15:20,15:19,-0.1
2025-06-06,12,S005,Industrial Estate,06:20,06:24,4.8
2025-06-06,14,S006,Harbor Road,06:20,06:26,6.3
2025-07-29,27,S004,University Gate,12:20,12:23,3.5
2025-07-26,27,S001,Central Station,09:20,09:21,1.2
2025-07-09,14,S002,Market Street,12:20,12:22,2.2
2025-06-28,14,S003,Riverside Park,15:20,15:26,6.5
2025-06-25,27,S002,Market Street,15:20,15:21,1.7
2025-07-15,12,S006,Harbor Road,15:20,15:21,1.9
2025-06-05,27,S003,Riverside Park,09:20,09:18,-2.0
2025-06-21,14,S003,Riverside Park,15:20,15:27,7.1
2025-07-22,12,S002,Market Street,12:20,12:26,6.1
2025-06-12,27,S005,Industrial Estate,09:20,09:25,5.7
2025-07-27,12,S006,Harbor Road,12:20,12:21,1.1
2025-07-04,12,S003,Riverside Park,06:20,06:19,-0.3
2025-06-13,27,S006,Harbor Road,06:20,06:24,4.4
2025-06-28,12,S004,University Gate,06:20,06:22,2.5
2025-06-27,27,S002,Market Street,06:20,06:24,4.1
2025-07-15,14,S002,Market Street,12:20,12:22,2.4
2025-07-01,14,S006,Harbor Road,12:20,12:25,5.6
2025-07-20,12,S001,Central Station,15:20,15:25,5.2
2025-06-22,14,S002,Market Street,06:20,06:26,6.9
2025-06-28,27,S001,Central Station,12:20,12:18,-2.0
2025-06-29,14,S005,Industrial Estate,06:20,,
2025-06-26,27,S001,Central Station,15:20,15:20,0.3
2025-07-06,12,S003,Riverside Park,15:20,,
2025-06-24,14,S002,Market Street,15:20,15:27,7.8
2025-06-29,27,S001,Central Station,09:20,09:24,4.5
2025-06-28,14,S001,Central Station,09:20,09:24,4.1
2025-07-11,27,S001,Central Station,06:20,06:23,3.0
2025-06-26,27,S001,Central Station,12:20,12:19,-0.1
2025-06-21,14,S006,Harbor Road,15:20,15:27,7.6
2025-06-12,14,S001,Central Station,09:20,09:30,10.4
2025-06-17,14,S002,Market Street,15:20,15:25,5.2
2025-07-12,14,S001,Central Station,12:20,12:24,4.8
2025-07-26,14,S001,Central Station,06:20,06:31,11.7
2025-06-04,27,S003,Riverside Park,12:20,12:21,1.9
2025-07-12,12,S004,University Gate,15:20,,
2025-06-17,27,S002,Market Street,09:20,09:21,1.2
2025-07-03,27,S004,University Gate,09:20,09:18,-1.6
2025-06-27,14,S003,Riverside Park,15:20,15:23,3.7
2025-06-02,12,S002,Market Street,15:20,15:23,3.3
2025-07-05,27,S004,University Gate,12:20,12:20,0.1
2025-07-24,14,S005,Industrial Estate,06:20,06:23,3.0
2025-06-15,14,S006,Harbor Road,15:20,15:27,7.1
2025-06-07,14,S003,Riverside Park,06:20,06:24,4.0
2025-06-12,27,S003,Riverside Park,09:20,09:20,0.7
2025-06-09,14,S005,Industrial Estate,06:20,06:24,4.6
2025-07-08,27,S003,Riverside Park,09:20,09:22,2.5
2025-06-22,27,S002,Market Street,15:20,15:20,0.7
2025-06-13,12,S004,University Gate,06:20,06:22,2.6
2025-06-18,27,S003,Riverside Park,09:20,09:23,3.6
2025-06-18,12,S003,Riverside Park,12:20,12:21,1.2
2025-07-28,12,S004,University Gate,06:20,06:23,3.4
2025-07-06,12,S001,Central Station,15:20,15:20,0.9
2025-06-06,27,S002,Market Street,15:20,15:22,2.7
2025-06-12,12,S003,Riverside Park,09:20,09:23,3.6
2025-07-12,14,S002,Market Street,09:20,09:23,3.2
2025-06-13,12,S002,Market Street,15:20,15:23,3.8
2025-07-21,12,S002,Market Street,09:20,09:23,3.1
2025-06-21,12,S005,Industrial Estate,15:20,15:19,-0.4
2025-07-10,14,S003,Riverside Park,12:20,12:23,3.8
2025-06-21,27,S003,Riverside Park,12:20,12:18,-2.0
2025-06-18,14,S003,Riverside Park,06:20,06:26,6.5
2025-06-23,12,S004,University Gate,15:20,15:25,5.9
2025-06-03,14,S006,Harbor Road,12:20,12:23,3.4
2025-07-26,27,S003,Riverside Park,12:20,12:21,1.5
2025-07-05,12,S006,Harbor Road,15:20,15:20,0.1
2025-06-24,14,S003,Riverside Park,12:20,12:23,3.0
2025-06-15,12,S001,Central Station,09:20,09:20,0.4
2025-07-05,14,S004,University Gate,06:20,06:26,6.6
2025-07-10,14,S005,Industrial Estate,12:20,12:22,2.1
2025-06-21,14,S006,Harbor Road,06:20,06:21,1.9
2025-07-12,27,S005,Industrial Estate,09:20,09:21,1.1
2025-06-07,27,S001,Central Station,15:20,15:18,-2.0
2025-07-15,12,S003,Riverside Park,06:20,06:22,2.1
2025-07-26,12,S004,University Gate,09:20,09:21,1.7
2025-07-18,12,S002,Market Street,12:20,12:18,-1.7
2025-06-19,12,S006,Harbor Road,09:20,09:24,4.2
2025-07-21,12,S003,Riverside Park,09:20,,
2025-06-26,27,S003,Riverside Park,15:20,15:20,0.3
2025-06-15,12,S002,Market Street,06:20,06:24,4.3
2025-07-12,27,S006,Harbor Road,15:20,15:27,7.3
2025-06-25,14,S002,Market Street,12:20,12:27,7.0
2025-07-24,12,S002,Market Street,12:20,12:18,-1.1
2025-07-14,14,S003,Riverside Park,06:20,06:24,4.1
2025-06-16,12,S006,Harbor Road,12:20,12:22,2.5
2025-07-11,14,S003,Riverside Park,09:20,09:28,8.4
2025-07-25,27,S001,Central Station,09:20,09:20,0.3
2025-07-07,27,S001,Central Station,06:20,06:26,6.3
2025-07-31,14,S005,Industrial Estate,06:20,06:25,5.5
2025-06-29,14,S002,Market Street,09:20,09:22,2.3
2025-06-11,12,S006,Harbor Road,15:20,15:25,5.7
2025-07-18,12,S004,University Gate,06:20,06:26,6.4
2025-06-29,27,S006,Harbor Road,12:20,12:20,0.5
2025-06-11,27,S002,Market Street,12:20,12:21,1.4
2025-06-20,12,S006,Harbor Road,15:20,15:26,6.5
2025-07-10,14,S002,Market Street,12:20,12:29,9.2
2025-06-18,14,S005,Industrial Estate,12:20,12:22,2.5
2025-07-08,14,S005,Industrial Estate,06:20,06:23,3.5
2025-07-22,14,S002,Market Street,12:20,12:24,4.1
2025-07-13,12,S002,Market Street,06:20,06:21,1.7
2025-06-09,14,S001,Central Station,09:20,09:24,4.7
2025-06-28,12,S006,Harbor Road,06:20,06:23,3.0
2025-06-18,12,S005,Industrial Estate,12:20,12:22,2.8
2025-07-09,14,S004,University Gate,15:20,15:24,4.2
2025-07-01,14,S001,Central Station,06:20,06:29,9.0
2025-07-03,12,S003,Riverside Park,15:20,15:23,3.3
2025-07-25,27,S003,Riverside Park,12:20,12:18,-2.0
2025-06-22,27,S004,University Gate,15:20,15:24,4.2
2025-07-23,12,S005,Industrial Estate,15:20,15:24,4.2
2025-07-29,27,S002,Market Street,15:20,15:25,5.2
2025-06-27,12,S004,University Gate,12:20,12:24,4.5
2025-07-24,27,S001,Central Station,06:20,06:20,0.1
2025-07-03,14,S004,University Gate,15:20,15:31,11.5
2025-07-23,27,S004,University Gate,12:20,12:18,-2.0
2025-06-04,12,S003,Riverside Park,12:20,12:23,3.8
2025-07-19,12,S006,Harbor Road,15:20,15:23,3.1
2025-07-30,12,S001,Central Station,12:20,12:20,0.8
2025-07-12,12,S003,Riverside Park,12:20,12:22,2.6
2025-07-08,14,S006,Harbor Road,12:20,12:26,6.3
2025-06-06,27,S003,Riverside Park,15:20,15:22,2.1
2025-06-03,12,S006,Harbor Road,15:20,15:25,5.0
2025-06-28,12,S005,Industrial Estate,12:20,12:22,2.5
2025-06-06,12,S006,Harbor Road,09:20,09:18,-2.0
2025-06-05,12,S001,Central Station,06:20,06:20,0.3
2025-07-06,27,S003,Riverside Park,12:20,12:18,-2.0
2025-06-27,27,S001,Central Station,06:20,06:23,3.6
2025-07-25,12,S002,Market Street,06:20,,
2025-06-03,27,S006,Harbor Road,09:20,09:21,1.5
2025-06-05,12,S005,Industrial Estate,15:20,15:25,5.3
2025-07-31,27,S002,Market Street,06:20,06:22,2.0
2025-07-17,12,S002,Market Street,15:20,15:20,0.8
2025-06-15,12,S001,Central Station,06:20,06:18,-2.0
2025-07-18,14,S006,Harbor Road,09:20,09:25,5.5
2025-07-21,27,S006,Harbor Road,09:20,09:18,-2.0
2025-07-27,12,S005,Industrial Estate,15:20,15:21,1.6
2025-07-29,12,S004,University Gate,06:20,06:26,6.0
2025-07-15,27,S005,Industrial Estate,06:20,06:22,2.8
2025-06-24,27,S004,University Gate,12:20,12:21,1.1
2025-06-19,14,S006,Harbor Road,06:20,06:26,6.0
2025-07-25,14,S005,Industrial Estate,15:20,15:23,3.0
2025-06-07,12,S003,Riverside Park,12:20,12:18,-2.0
2025-06-07,12,S005,Industrial Estate,09:20,09:19,-0.4
2025-07-17,14,S004,University Gate,12:20,12:23,3.9
2025-07-17,27,S001,Central Station,09:20,09:21,1.9
2025-06-30,27,S005,Industrial Estate,12:20,12:22,2.3
2025-06-10,14,S006,Harbor Road,15:20,15:27,7.2
2025-06-14,14,S005,Industrial Estate,12:20,12:21,1.9
2025-07-16,12,S002,Market Street,15:20,15:26,6.8
2025-07-15,12,S005,Industrial Estate,06:20,06:21,1.4
2025-07-25,12,S001,Central Station,09:20,09:26,6.6
2025-07-11,14,S002,Market Street,15:20,15:24,4.4
2025-06-29,12,S006,Harbor Road,09:20,09:18,-1.3
2025-06-22,27,S005,Industrial Estate,09:20,09:19,-0.7
2025-07-14,14,S001,Central Station,09:20,09:26,6.8
2025-07-23,12,S004,University Gate,06:20,06:25,5.3
2025-06-28,12,S004,University Gate,12:20,12:23,3.3
2025-06-16,12,S001,Central Station,09:20,09:20,0.3
2025-06-10,14,S003,Riverside Park,15:20,15:24,4.0
2025-07-27,14,S005,Industrial Estate,06:20,06:27,7.1
2025-06-14,14,S002,Market Street,09:20,09:28,8.3
2025-07-27,12,S005,Industrial Estate,09:20,09:18,-1.1
2025-06-11,14,S005,Industrial Estate,12:20,12:23,3.7
2025-07-25,14,S001,Central Station,15:20,15:28,8.4
2025-07-23,12,S004,University Gate,15:20,15:25,5.8
2025-06-28,27,S005,Industrial Estate,06:20,06:22,2.4
2025-07-21,27,S006,Harbor Road,15:20,15:18,-2.0
2025-06-12,27,S006,Harbor Road,15:20,15:21,1.1
2025-07-18,27,S004,University Gate,15:20,15:20,0.1
2025-07-07,27,S006,Harbor Road,06:20,06:20,0.9
2025-06-17,14,S001,Central Station,06:20,,
2025-06-15,27,S004,University Gate,12:20,12:24,4.7
2025-07-28,12,S003,Riverside Park,06:20,06:23,3.9
2025-07-09,12,S003,Riverside Park,12:20,12:21,1.5
2025-07-07,14,S005,Industrial Estate,06:20,06:26,6.4
2025-07-14,27,S002,Market Street,09:20,09:21,1.8
2025-06-15,12,S001,Central Station,12:20,12:22,2.4
2025-06-12,27,S004,University Gate,09:20,09:18,-1.6
2025-07-20,27,S006,Harbor Road,15:20,15:22,2.1
2025-07-12,12,S002,Market Street,06:20,06:23,3.2
2025-07-31,14,S003,Riverside Park,06:20,06:24,4.2
2025-07-17,14,S004,University Gate,09:20,09:27,7.9
2025-06-17,27,S003,Riverside Park,09:20,09:21,1.8
2025-07-30,12,S003,Riverside Park,06:20,06:20,0.5
2025-06-16,12,S006,Harbor Road,06:20,06:24,4.8
2025-07-22,27,S005,Industrial Estate,06:20,06:22,2.6
2025-07-25,12,S001,Central Station,15:20,15:20,0.1
2025-06-11,27,S005,Industrial Estate,15:20,15:22,2.5
2025-06-07,14,S005,Industrial Estate,15:20,15:25,5.9
2025-06-11,27,S002,Market Street,15:20,15:21,1.6
2025-06-19,12,S003,Riverside Park,12:20,12:21,1.5
2025-07-17,27,S004,University Gate,15:20,15:24,4.3
2025-06-03,14,S002,Market Street,12:20,12:23,3.2
2025-07-21,12,S004,University Gate,09:20,09:22,2.0
2025-06-30,14,S001,Central Station,09:20,09:21,1.4
2025-07-14,27,S006,Harbor Road,09:20,09:19,-0.2
2025-07-15,12,S002,Market Street,12:20,12:23,3.3
2025-06-17,12,S001,Central Station,09:20,09:23,3.0
2025-06-29,12,S005,Industrial Estate,15:20,15:23,3.3
2025-06-14,12,S001,Central Station,09:20,09:22,2.8
2025-06-18,27,S001,Central Station,15:20,15:20,0.9
2025-06-11,27,S002,Market Street,09:20,09:18,-2.0
2025-07-17,14,S001,Central Station,09:20,09:22,2.4
2025-07-07,12,S001,Central Station,12:20,12:21,1.9
2025-07-14,14,S001,Central Station,12:20,12:20,0.8
2025-06-14,14,S002,Market Street,12:20,12:24,4.3
2025-07-06,27,S002,Market Street,12:20,12:18,-2.0
2025-07-03,27,S004,University Gate,06:20,06:21,1.8
2025-07-21,27,S003,Riverside Park,09:20,09:20,0.3
2025-06-04,12,S006,Harbor Road,06:20,06:24,4.6
2025-06-10,27,S002,Market Street,09:20,09:21,1.4
2025-07-28,14,S006,Harbor Road,15:20,15:26,6.3
2025-07-13,14,S005,Industrial Estate,15:20,15:23,3.1
2025-06-07,27,S001,Central Station,12:20,,
2025-07-24,27,S006,Harbor Road,06:20,06:23,3.4
2025-06-02,12,S001,Central Station,09:20,09:22,2.1
2025-06-15,12,S002,Market Street,15:20,15:19,-0.9
2025-06-06,27,S001,Central Station,12:20,12:18,-1.1
2025-07-24,12,S003,Riverside Park,15:20,15:24,4.6
2025-07-19,27,S003,Riverside Park,06:20,06:22,2.5
2025-07-13,27,S001,Central Station,09:20,09:18,-2.0
2025-07-05,14,S001,Central Station,06:20,06:26,6.5
2025-07-18,12,S006,Harbor Road,15:20,,
2025-07-06,14,S001,Central Station,06:20,06:24,4.1
2025-07-30,12,S002,Market Street,09:20,09:19,-0.3
2025-07-18,27,S002,Market Street,15:20,15:21,1.2
2025-06-05,27,S001,Central Station,12:20,12:18,-2.0
2025-06-05,27,S006,Harbor Road,09:20,09:21,1.4
2025-07-09,27,S003,Riverside Park,12:20,12:18,-1.1
2025-07-09,27,S002,Market Street,06:20,06:20,0.6
2025-07-30,27,S001,Central Station,12:20,12:23,3.2
2025-07-30,12,S006,Harbor Road,12:20,12:19,-0.6
2025-06-06,14,S006,Harbor Road,15:20,15:22,2.4
2025-07-20,14,S006,Harbor Road,15:20,15:28,8.5
2025-07-22,12,S006,Harbor Road,15:20,15:21,1.2
2025-07-29,12,S001,Central Station,15:20,15:26,6.0
2025-07-26,14,S006,Harbor Road,09:20,09:23,3.7
2025-06-29,27,S003,Riverside Park,12:20,12:20,0.4
2025-07-21,14,S006,Harbor Road,09:20,09:24,4.8
2025-06-26,27,S002,Market Street,15:20,15:21,1.2
2025-06-08,14,S006,Harbor Road,15:20,15:21,1.7
2025-06-03,12,S003,Riverside Park,12:20,12:18,-2.0
2025-07-08,27,S004,University Gate,06:20,06:21,1.4
2025-07-18,27,S006,Harbor Road,09:20,09:18,-2.0
2025-07-19,27,S004,University Gate,06:20,06:18,-2.0
2025-06-29,12,S003,Riverside Park,12:20,12:20,0.2
2025-07-18,12,S001,Central Station,15:20,15:28,8.2
2025-07-21,12,S005,Industrial Estate,09:20,09:22,2.9
2025-07-07,14,S002,Market Street,12:20,12:26,6.3
2025-07-25,14,S006,Harbor Road,15:20,15:25,5.5
2025-06-21,14,S005,Industrial Estate,12:20,12:23,3.6
2025-07-09,14,S004,University Gate,12:20,12:24,4.2
2025-06-14,27,S006,Harbor Road,12:20,12:18,-2.0
2025-07-11,27,S004,University Gate,12:20,12:22,2.4
2025-07-15,14,S004,University Gate,06:20,06:23,3.0
2025-06-17,12,S005,Industrial Estate,15:20,15:22,2.3
2025-06-24,12,S004,University Gate,09:20,09:25,5.4
2025-06-06,14,S006,Harbor Road,09:20,09:23,3.3
2025-06-10,27,S001,Central Station,15:20,15:24,4.1
2025-07-23,27,S004,University Gate,09:20,09:20,0.0
2025-06-26,12,S004,University Gate,09:20,09:25,5.6
2025-06-26,14,S005,Industrial Estate,06:20,06:25,5.4
2025-07-21,14,S006,Harbor Road,15:20,15:25,5.3
2025-07-15,12,S003,Riverside Park,12:20,12:21,1.6
2025-07-27,14,S006,Harbor Road,12:20,12:24,4.1
2025-07-02,27,S006,Harbor Road,09:20,09:20,0.1
2025-07-01,27,S002,Market Street,09:20,09:22,2.8
2025-07-28,12,S002,Market Street,09:20,09:24,4.7
2025-06-12,12,S004,University Gate,12:20,12:19,-0.6
2025-07-02,14,S004,University Gate,09:20,09:28,8.1
2025-07-31,12,S006,Harbor Road,06:20,06:24,4.4
2025-06-23,27,S001,Central Station,15:20,15:23,3.6
2025-06-23,14,S006,Harbor Road,15:20,,
2025-06-12,14,S005,Industrial Estate,12:20,12:24,4.6
2025-07-08,12,S004,University Gate,06:20,06:23,3.8
2025-06-15,12,S006,Harbor Road,06:20,,
2025-06-22,12,S003,Riverside Park,06:20,06:21,1.0
2025-07-04,27,S005,Industrial Estate,15:20,15:25,5.0
2025-07-18,14,S002,Market Street,06:20,06:24,4.7
2025-06-16,27,S001,Central Station,12:20,12:19,-0.1
2025-06-05,12,S006,Harbor Road,06:20,06:25,5.5
2025-06-02,27,S005,Industrial Estate,06:20,06:24,4.9
2025-07-18,12,S003,Riverside Park,09:20,09:24,4.3
2025-06-15,12,S006,Harbor Road,09:20,09:21,1.8
2025-07-22,27,S003,Riverside Park,12:20,12:22,2.0
2025-07-23,14,S004,University Gate,09:20,09:22,2.9
2025-06-18,27,S006,Harbor Road,06:20,06:19,-0.9
2025-06-16,14,S005,Industrial Estate,15:20,15:21,1.1
2025-07-02,14,S006,Harbor Road,09:20,09:24,4.6
2025-06-09,14,S006,Harbor Road,12:20,12:23,3.2
2025-06-16,12,S006,Harbor Road,15:20,15:25,5.5
2025-07-11,14,S005,Industrial Estate,06:20,06:27,7.1
2025-07-07,14,S004,University Gate,09:20,09:26,6.7
2025-06-10,12,S004,University Gate,15:20,15:22,2.7
2025-07-26,27,S004,University Gate,12:20,12:20,0.4
2025-07-16,27,S003,Riverside Park,06:20,06:21,1.6
2025-07-04,14,S005,Industrial Estate,12:20,12:28,8.9
2025-07-10,14,S004,University Gate,15:20,15:26,6.8
2025-07-26,14,S005,Industrial Estate,06:20,06:27,7.5
2025-06-19,27,S004,University Gate,09:20,09:18,-2.0
2025-06-03,12,S001,Central Station,15:20,15:21,1.9
2025-06-21,27,S001,Central Station,09:20,09:19,-0.9
2025-07-29,14,S005,Industrial Estate,09:20,09:26,6.0
2025-06-21,14,S001,Central Station,09:20,09:24,4.4
2025-06-25,27,S002,Market Street,12:20,12:18,-2.0
2025-06-12,14,S001,Central Station,06:20,06:24,4.6
2025-07-08,14,S005,Industrial Estate,12:20,12:25,5.0
2025-06-19,14,S006,Harbor Road,09:20,09:27,7.2
2025-06-04,14,S006,Harbor Road,09:20,09:27,7.0
2025-06-23,12,S005,Industrial Estate,09:20,09:25,5.3
2025-07-21,12,S003,Riverside Park,12:20,12:19,-0.1
2025-07-21,27,S005,Industrial Estate,15:20,15:20,0.4
2025-07-08,14,S005,Industrial Estate,15:20,15:19,-0.2
2025-07-01,27,S004,University Gate,06:20,06:22,2.6
2025-06-25,14,S006,Harbor Road,12:20,12:22,2.9
2025-07-07,27,S003,Riverside Park,09:20,09:19,-0.2
2025-07-24,12,S001,Central Station,12:20,12:18,-1.3
2025-07-03,27,S005,Industrial Estate,12:20,12:18,-1.5
2025-06-13,27,S002,Market Street,15:20,15:24,4.0
2025-07-18,14,S004,University Gate,12:20,12:21,1.5
2025-06-05,27,S006,Harbor Road,15:20,15:21,1.6
2025-06-09,27,S005,Industrial Estate,15:20,15:19,-0.1
2025-06-19,14,S004,University Gate,15:20,15:29,9.2
2025-06-29,27,S005,Industrial Estate,06:20,06:19,-0.4
2025-06-24,14,S002,Market Street,06:20,06:23,3.5
2025-06-03,14,S004,University Gate,09:20,09:26,6.3
2025-07-09,14,S006,Harbor Road,12:20,12:27,7.9
2025-06-29,14,S001,Central Station,06:20,06:25,5.0
2025-06-19,14,S002,Market Street,15:20,15:24,4.3
2025-07-12,27,S005,Industrial Estate,15:20,15:20,0.1
2025-07-09,14,S003,Riverside Park,15:20,15:27,7.4
2025-07-07,27,S006,Harbor Road,12:20,12:20,0.4
2025-07-28,14,S004,University Gate,09:20,09:23,3.1
2025-07-11,12,S005,Industrial Estate,15:20,15:18,-2.0
2025-06-08,12,S004,University Gate,09:20,09:19,-0.7
2025-07-08,14,S002,Market Street,09:20,09:23,3.7
2025-07-03,12,S005,Industrial Estate,06:20,06:26,6.5
2025-06-27,14,S004,University Gate,06:20,06:29,9.2
2025-07-30,12,S002,Market Street,15:20,15:23,3.8
2025-07-18,14,S005,Industrial Estate,15:20,15:24,4.2
2025-07-30,12,S002,Market Street,12:20,12:21,1.8
2025-07-31,12,S005,Industrial Estate,12:20,12:21,1.6
2025-07-10,27,S005,Industrial Estate,12:20,12:22,2.1
2025-07-03,12,S002,Market Street,09:20,09:24,4.9
2025-06-04,14,S004,University Gate,06:20,06:25,5.5
2025-07-06,12,S001,Central Station,06:20,06:26,6.3
2025-07-21,12,S006,Harbor Road,06:20,06:23,3.8
2025-07-30,14,S006,Harbor Road,12:20,12:21,1.1
2025-06-18,12,S003,Riverside Park,15:20,15:21,1.4
2025-07-11,12,S005,Industrial Estate,09:20,09:22,2.8
2025-07-13,14,S003,Riverside Park,15:20,15:25,5.9
2025-06-29,27,S004,University Gate,09:20,09:22,2.3
2025-06-11,27,S006,Harbor Road,12:20,12:20,0.2
2025-07-30,14,S003,Riverside Park,15:20,15:24,4.9
2025-07-29,27,S001,Central Station,09:20,09:21,1.3
2025-06-22,12,S005,Industrial Estate,15:20,15:21,1.4
2025-06-26,12,S001,Central Station,09:20,09:21,1.7
2025-06-06,27,S005,Industrial Estate,12:20,12:22,2.5
2025-06-13,14,S006,Harbor Road,12:20,12:18,-2.0
2025-06-30,12,S006,Harbor Road,12:20,12:22,2.1
2025-07-18,27,S004,University Gate,12:20,12:20,0.0
2025-07-03,27,S004,University Gate,15:20,15:26,6.2
2025-06-03,12,S005,Industrial Estate,15:20,15:26,6.2
2025-06-18,27,S003,Riverside Park,06:20,06:24,4.0
2025-06-06,27,S005,Industrial Estate,09:20,09:20,0.5
2025-06-22,14,S002,Market Street,15:20,15:24,4.5
2025-06-09,14,S005,Industrial Estate,12:20,12:26,6.9
2025-07-27,14,S004,University Gate,09:20,09:23,3.0
2025-07-28,14,S005,Industrial Estate,15:20,15:24,4.8
2025-07-06,12,S002,Market Street,09:20,09:20,0.8
2025-07-23,14,S001,Central Station,12:20,12:21,1.9
2025-06-20,27,S005,Industrial Estate,12:20,12:22,2.2
2025-06-26,27,S001,Central Station,06:20,06:22,2.3
2025-07-08,14,S001,Central Station,12:20,,
2025-07-31,14,S003,Riverside Park,09:20,09:27,7.5
2025-06-26,12,S002,Market Street,09:20,09:21,1.3
2025-06-12,14,S002,Market Street,12:20,12:21,1.6
2025-06-22,14,S004,University Gate,06:20,06:24,4.9
2025-07-06,14,S006,Harbor Road,12:20,12:24,4.4
2025-07-31,12,S001,Central Station,12:20,12:26,6.8
2025-07-21,12,S006,Harbor Road,15:20,15:23,3.0
2025-07-02,12,S005,Industrial Estate,06:20,06:20,0.4
2025-06-19,27,S001,Central Station,12:20,12:20,0.5
2025-06-17,14,S003,Riverside Park,12:20,12:28,8.3
2025-06-04,27,S002,Market Street,15:20,15:22,2.5
2025-07-09,27,S004,University Gate,09:20,09:20,0.1
2025-06-30,27,S006,Harbor Road,09:20,09:24,4.2
2025-07-18,12,S001,Central Station,06:20,06:23,3.8
2025-07-06,27,S005,Industrial Estate,06:20,06:23,3.7
2025-07-02,27,S002,Market Street,06:20,06:23,3.7
2025-07-27,12,S002,Market Street,15:20,15:23,3.5
2025-07-30,12,S004,University Gate,12:20,12:18,-2.0
2025-07-26,12,S001,Central Station,15:20,15:19,-0.2
2025-07-10,14,S002,Market Street,15:20,15:29,9.1
2025-07-03,14,S005,Industrial Estate,12:20,12:30,10.9
2025-06-25,12,S002,Market Street,06:20,06:25,5.7
2025-06-27,12,S006,Harbor Road,09:20,09:21,1.1
2025-06-26,27,S006,Harbor Road,15:20,15:26,6.2
2025-06-04,27,S006,Harbor Road,06:20,06:20,-0.0
2025-07-04,12,S003,Riverside Park,15:20,15:28,8.1
2025-07-14,27,S003,Riverside Park,06:20,06:25,5.7
2025-07-29,14,S002,Market Street,06:20,06:22,2.6
2025-07-04,14,S005,Industrial Estate,09:20,09:27,7.7
2025-07-29,12,S001,Central Station,06:20,06:24,4.4
2025-06-15,14,S002,Market Street,06:20,06:26,6.4
2025-07-18,12,S006,Harbor Road,12:20,12:21,1.2
2025-07-05,14,S006,Harbor Road,06:20,06:23,3.6
2025-07-12,14,S004,University Gate,06:20,06:27,7.1
2025-06-23,12,S004,University Gate,12:20,12:22,2.4
2025-07-24,14,S004,University Gate,15:20,15:28,8.3
2025-07-17,14,S003,Riverside Park,06:20,06:27,7.3
2025-07-01,12,S001,Central Station,09:20,09:20,0.7
2025-06-15,14,S006,Harbor Road,06:20,06:29,9.3
2025-06-09,27,S003,Riverside Park,15:20,15:22,2.4
2025-06-02,27,S006,Harbor Road,06:20,06:21,1.7
2025-06-09,27,S002,Market Street,15:20,15:20,0.2
2025-07-24,12,S005,Industrial Estate,12:20,12:22,2.4
2025-07-13,14,S004,University Gate,12:20,12:26,6.0
2025-07-03,14,S005,Industrial Estate,06:20,06:26,6.7
2025-07-02,14,S005,Industrial Estate,06:20,06:26,6.1
2025-07-31,27,S002,Market Street,09:20,09:18,-2.0
2025-07-12,27,S001,Central Station,15:20,15:19,-0.3
2025-07-12,27,S006,Harbor Road,06:20,06:25,5.0
2025-07-28,14,S005,Industrial Estate,12:20,12:26,6.9
2025-06-21,12,S001,Central Station,15:20,15:25,5.7
2025-07-16,12,S004,University Gate,09:20,09:22,2.4
2025-07-29,14,S006,Harbor Road,06:20,06:26,6.3
2025-07-08,27,S003,Riverside Park,15:20,15:21,1.2
2025-07-22,27,S001,Central Station,09:20,09:18,-2.0
2025-07-09,12,S001,Central Station,12:20,12:24,4.8
2025-07-16,12,S006,Harbor Road,06:20,06:22,2.0
2025-06-07,12,S002,Market Street,12:20,12:21,1.4
2025-07-12,14,S004,University Gate,12:20,,
2025-07-28,14,S006,Harbor Road,06:20,06:27,7.6
2025-06-07,14,S002,Market Street,15:20,15:23,3.0
2025-06-17,27,S005,Industrial Estate,12:20,12:21,1.5
2025-06-08,12,S002,Market Street,09:20,09:26,6.4
2025-07-07,12,S003,Riverside Park,12:20,12:20,0.8
2025-07-16,14,S002,Market Street,09:20,09:27,7.3
2025-06-15,12,S005,Industrial Estate,12:20,12:18,-1.4
2025-06-12,14,S002,Market Street,06:20,06:23,3.9
2025-07-28,27,S003,Riverside Park,15:20,15:26,6.0
2025-07-20,27,S004,University Gate,06:20,06:21,1.5
2025-06-11,27,S005,Industrial Estate,09:20,09:20,-0.0
2025-07-09,27,S005,Industrial Estate,09:20,09:20,0.7
2025-07-14,27,S006,Harbor Road,12:20,12:18,-2.0
2025-07-13,12,S004,University Gate,15:20,15:22,2.9
2025-06-09,12,S003,Riverside Park,09:20,09:20,0.1
2025-06-22,14,S003,Riverside Park,12:20,12:19,-1.0
2025-06-14,14,S005,Industrial Estate,06:20,06:24,4.5
2025-07-25,14,S001,Central Station,06:20,06:23,3.8
2025-07-20,27,S004,University Gate,15:20,15:23,3.3
2025-07-17,27,S002,Market Street,09:20,09:23,3.3
2025-07-19,12,S001,Central Station,12:20,12:20,0.4
2025-07-02,14,S003,Riverside Park,12:20,12:20,0.1
2025-07-06,14,S005,Industrial Estate,15:20,15:24,4.0
2025-07-28,27,S001,Central Station,12:20,12:18,-1.3
2025-07-14,14,S006,Harbor Road,12:20,12:20,-0.0
2025-06-25,27,S002,Market Street,06:20,06:20,0.1
2025-06-11,12,S001,Central Station,09:20,09:23,3.0
2025-06-20,14,S002,Market Street,06:20,06:26,6.1
2025-07-18,12,S004,University Gate,12:20,12:24,4.1
2025-07-11,14,S001,Central Station,12:20,12:24,4.2
2025-06-15,14,S003,Riverside Park,15:20,15:25,5.9
2025-07-25,14,S004,University Gate,12:20,12:23,3.2
2025-06-12,27,S002,Market Street,06:20,06:24,4.2
2025-07-09,12,S005,Industrial Estate,06:20,06:23,3.7
2025-07-10,12,S006,Harbor Road,15:20,15:22,2.8
2025-06-08,27,S004,University Gate,09:20,09:20,0.2
2025-06-25,12,S002,Market Street,12:20,12:22,2.0
2025-07-03,14,S001,Central Station,09:20,09:23,3.6
2025-06-10,14,S005,Industrial Estate,15:20,15:24,4.1
2025-07-30,27,S006,Harbor Road,09:20,09:18,-1.1
2025-06-21,12,S005,Industrial Estate,12:20,12:23,3.4
2025-07-01,12,S006,Harbor Road,12:20,12:23,3.0
2025-07-21,14,S005,Industrial Estate,12:20,12:28,8.9
2025-07-31,27,S006,Harbor Road,06:20,06:19,-0.4
2025-07-20,12,S003,Riverside Park,06:20,06:24,4.3
2025-07-17,27,S006,Harbor Road,09:20,09:18,-1.8
2025-06-04,12,S004,University Gate,15:20,15:25,5.7
2025-06-23,12,S006,Harbor Road,06:20,06:22,2.7
2025-07-07,14,S006,Harbor Road,09:20,09:24,4.7
2025-06-15,14,S004,University Gate,09:20,09:18,-1.4
2025-06-06,27,S001,Central Station,09:20,09:25,5.5
2025-07-22,27,S004,University Gate,12:20,,
2025-06-06,12,S004,University Gate,06:20,06:26,6.6
2025-07-21,27,S002,Market Street,15:20,15:22,2.4
2025-07-03,14,S006,Harbor Road,12:20,12:21,1.2
2025-06-21,14,S002,Market Street,09:20,09:20,0.5
2025-06-27,14,S002,Market Street,15:20,15:27,7.8
2025-06-02,12,S002,Market Street,09:20,09:18,-1.2
2025-07-12,14,S001,Central Station,15:20,15:21,1.4
2025-06-26,14,S006,Harbor Road,09:20,09:26,6.6
2025-06-22,14,S001,Central Station,15:20,15:22,2.4
2025-06-19,14,S004,University Gate,09:20,09:25,5.2
2025-07-23,12,S005,Industrial Estate,12:20,12:19,-0.8
2025-07-24,14,S004,University Gate,09:20,09:21,1.8
2025-06-18,27,S004,University Gate,06:20,06:24,4.4
2025-06-18,14,S001,Central Station,12:20,12:23,3.7
2025-06-21,12,S004,University Gate,15:20,15:19,-0.6
2025-06-12,27,S005,Industrial Estate,06:20,06:21,1.8
2025-07-31,12,S001,Central Station,15:20,15:25,5.7
2025-07-29,14,S006,Harbor Road,15:20,15:25,5.2
2025-06-16,27,S004,University Gate,09:20,09:28,8.2
2025-06-05,14,S005,Industrial Estate,15:20,15:31,11.8
2025-06-23,27,S005,Industrial Estate,06:20,06:23,3.2
2025-07-24,14,S005,Industrial Estate,09:20,09:25,5.0
2025-06-27,14,S004,University Gate,12:20,12:30,10.1
2025-07-06,27,S001,Central Station,09:20,09:18,-1.4
2025-07-26,12,S006,Harbor Road,09:20,09:20,0.2
2025-07-30,27,S001,Central Station,09:20,09:22,2.5
2025-07-08,14,S005,Industrial Estate,09:20,09:27,7.3
2025-07-04,12,S006,Harbor Road,12:20,12:19,-0.9
2025-07-16,27,S001,Central Station,12:20,12:19,-0.7
2025-06-21,27,S004,University Gate,15:20,15:19,-0.7
2025-07-11,14,S006,Harbor Road,12:20,,
2025-06-20,12,S005,Industrial Estate,09:20,09:21,1.6
2025-07-22,12,S003,Riverside Park,12:20,12:21,1.7
2025-07-02,12,S003,Riverside Park,15:20,15:22,2.1
2025-07-01,14,S005,Industrial Estate,15:20,15:25,5.4
2025-07-01,27,S003,Riverside Park,12:20,12:18,-1.8
2025-07-04,27,S001,Central Station,15:20,15:24,4.0
2025-07-26,14,S001,Central Station,09:20,09:25,5.5
2025-07-07,14,S006,Harbor Road,06:20,06:24,4.7
2025-06-18,14,S006,Harbor Road,06:20,06:22,2.5
2025-06-14,12,S003,Riverside Park,06:20,06:23,3.5
2025-06-22,27,S006,Harbor Road,09:20,09:21,1.8
2025-06-09,27,S003,Riverside Park,12:20,12:18,-1.3
2025-07-05,14,S003,Riverside Park,12:20,12:20,0.9
2025-06-02,14,S002,Market Street,06:20,06:28,8.0
2025-07-15,14,S005,Industrial Estate,09:20,09:26,6.1
2025-06-11,27,S003,Riverside Park,12:20,12:21,1.0
2025-06-08,14,S002,Market Street,12:20,12:23,3.2
2025-07-04,27,S001,Central Station,06:20,06:19,-0.3
2025-07-09,12,S001,Central Station,15:20,15:25,5.4
2025-06-11,27,S006,Harbor Road,09:20,09:21,1.7
2025-07-05,14,S003,Riverside Park,06:20,06:26,6.6
2025-07-14,12,S002,Market Street,15:20,15:26,6.0
2025-07-28,27,S006,Harbor Road,09:20,09:21,1.1
2025-06-15,12,S006,Harbor Road,15:20,15:24,4.0
2025-06-19,27,S002,Market Street,15:20,15:19,-1.0
2025-06-03,27,S002,Market Street,09:20,09:21,1.0
2025-06-04,27,S001,Central Station,09:20,09:26,6.7
2025-06-11,14,S002,Market Street,09:20,09:18,-1.6
2025-07-02,27,S005,Industrial Estate,15:20,15:25,5.0
2025-06-27,14,S002,Market Street,09:20,09:20,0.4
2025-07-14,14,S001,Central Station,15:20,15:26,6.3
2025-07-19,27,S003,Riverside Park,09:20,09:22,2.3
2025-07-10,27,S003,Riverside Park,06:20,06:21,1.2
2025-07-26,27,S006,Harbor Road,09:20,,
2025-07-08,14,S004,University Gate,12:20,12:26,6.6
2025-07-22,12,S003,Riverside Park,15:20,15:21,1.9
2025-07-28,12,S006,Harbor Road,12:20,12:20,0.3
2025-07-13,12,S005,Industrial Estate,09:20,09:18,-1.9
2025-07-19,27,S006,Harbor Road,06:20,06:22,2.9
2025-06-13,27,S004,University Gate,06:20,06:25,5.7
2025-06-24,27,S004,University Gate,15:20,,
2025-07-09,14,S002,Market Street,15:20,15:26,6.7
2025-07-01,12,S004,University Gate,12:20,12:23,3.1
2025-07-31,14,S004,University Gate,09:20,09:25,5.1
2025-06-06,27,S001,Central Station,06:20,06:23,3.3
2025-06-05,27,S004,University Gate,09:20,09:23,3.0
2025-06-11,14,S002,Market Street,06:20,06:25,5.6
2025-07-18,27,S003,Riverside Park,12:20,12:24,4.7
2025-06-15,12,S003,Riverside Park,15:20,15:22,2.7
2025-06-15,14,S002,Market Street,12:20,12:28,8.6
2025-07-20,27,S006,Harbor Road,12:20,12:19,-0.5
2025-06-23,14,S002,Market Street,09:20,09:22,2.7
2025-06-27,27,S006,Harbor Road,06:20,06:22,2.4
2025-06-12,14,S005,Industrial Estate,06:20,06:26,6.1
2025-07-03,12,S004,University Gate,12:20,12:21,1.6
2025-07-12,14,S006,Harbor Road,12:20,12:23,3.9
2025-07-20,12,S005,Industrial Estate,06:20,06:21,1.9
2025-06-30,12,S001,Central Station,12:20,12:19,-0.5
2025-06-24,12,S003,Riverside Park,06:20,06:24,4.0
2025-07-09,14,S005,Industrial Estate,06:20,06:25,5.3
2025-06-20,14,S003,Riverside Park,15:20,15:24,4.6
2025-06-18,12,S001,Central Station,12:20,12:21,1.0
2025-07-22,27,S002,Market Street,06:20,06:24,4.6
2025-07-29,27,S002,Market Street,12:20,12:26,6.1
2025-07-24,27,S005,Industrial Estate,15:20,15:20,0.1
2025-07-09,12,S001,Central Station,09:20,09:21,1.8
2025-07-08,27,S004,University Gate,09:20,09:23,3.8
2025-06-21,12,S005,Industrial Estate,09:20,09:23,3.1
2025-07-09,27,S002,Market Street,12:20,12:18,-2.0
2025-06-14,14,S001,Central Station,15:20,15:23,3.0
2025-06-05,14,S001,Central Station,06:20,06:23,3.1
2025-06-10,14,S002,Market Street,15:20,15:26,6.3
2025-06-02,12,S005,Industrial Estate,12:20,12:22,2.6
2025-07-13,12,S006,Harbor Road,09:20,09:19,-0.9
2025-07-17,14,S001,Central Station,06:20,06:29,9.1
2025-07-16,14,S006,Harbor Road,12:20,12:22,2.3
2025-06-05,27,S006,Harbor Road,12:20,12:21,1.6
2025-06-15,27,S004,University Gate,09:20,09:22,2.0
2025-06-16,27,S005,Industrial Estate,12:20,12:19,-0.5
2025-07-15,27,S001,Central Station,15:20,15:21,1.4
2025-06-06,27,S004,University Gate,09:20,09:19,-1.0
2025-06-16,12,S002,Market Street,12:20,12:22,2.9
2025-07-12,14,S001,Central Station,06:20,06:26,6.5
2025-07-05,27,S005,Industrial Estate,15:20,15:23,3.9
2025-06-25,12,S005,Industrial Estate,12:20,12:20,0.8
2025-07-09,12,S003,Riverside Park,15:20,15:20,0.2
2025-06-07,14,S006,Harbor Road,06:20,06:25,5.4
2025-06-06,27,S002,Market Street,06:20,06:23,3.0
2025-06-05,14,S003,Riverside Park,06:20,06:25,5.0
2025-06-16,27,S003,Riverside Park,06:20,06:24,4.3
2025-06-06,14,S005,Industrial Estate,15:20,15:24,4.2
2025-06-23,27,S006,Harbor Road,09:20,09:23,3.3
2025-06-05,14,S006,Harbor Road,06:20,06:29,9.8
2025-07-12,27,S002,Market Street,15:20,15:19,-0.6
2025-07-30,27,S006,Harbor Road,12:20,12:18,-2.0
2025-07-30,12,S001,Central Station,15:20,15:20,0.7
2025-07-13,27,S006,Harbor Road,09:20,09:19,-0.5
2025-06-29,27,S004,University Gate,06:20,06:27,7.1
2025-06-17,27,S003,Riverside Park,06:20,06:21,1.4
2025-06-16,14,S006,Harbor Road,09:20,09:24,4.1
2025-07-14,12,S001,Central Station,09:20,09:23,3.5
2025-07-10,12,S003,Riverside Park,09:20,09:27,7.6
2025-07-17,12,S005,Industrial Estate,15:20,15:23,3.3
2025-06-08,27,S001,Central Station,12:20,12:18,-2.0
2025-06-20,14,S004,University Gate,15:20,15:24,4.4
2025-06-10,27,S005,Industrial Estate,09:20,09:20,0.5
2025-07-02,12,S003,Riverside Park,06:20,06:29,9.1
2025-06-17,14,S004,University Gate,09:20,09:27,7.6
2025-06-27,14,S001,Central Station,09:20,09:23,3.7
2025-06-24,27,S006,Harbor Road,06:20,06:22,2.7
2025-07-21,12,S001,Central Station,15:20,15:22,2.7
2025-07-28,27,S004,University Gate,09:20,09:19,-0.9
2025-07-15,14,S003,Riverside Park,15:20,15:27,7.4
2025-07-28,12,S006,Harbor Road,06:20,06:23,3.9
2025-06-23,12,S001,Central Station,09:20,09:18,-2.0
2025-07-27,12,S003,Riverside Park,09:20,09:19,-0.2
2025-07-26,27,S001,Central Station,15:20,15:23,3.2
2025-06-21,14,S005,Industrial Estate,15:20,15:26,6.4
2025-07-21,14,S005,Industrial Estate,15:20,,
2025-07-04,12,S001,Central Station,09:20,09:21,1.5
2025-06-06,12,S006,Harbor Road,06:20,06:25,5.4
2025-06-11,14,S005,Industrial Estate,15:20,15:23,3.4
2025-07-22,14,S003,Riverside Park,09:20,09:21,1.3
2025-06-25,12,S002,Market Street,15:20,15:24,4.6
2025-06-09,12,S004,University Gate,06:20,06:24,4.0
2025-07-20,14,S004,University Gate,06:20,06:24,4.1
2025-07-08,12,S001,Central Station,09:20,09:24,4.6
2025-06-08,14,S006,Harbor Road,06:20,06:21,1.7
2025-07-06,27,S004,University Gate,15:20,15:21,1.3
2025-06-16,27,S004,University Gate,15:20,15:22,2.0
2025-07-05,27,S006,Harbor Road,15:20,15:21,1.1
2025-06-29,12,S001,Central Station,06:20,06:21,1.4
2025-06-13,14,S003,Riverside Park,09:20,09:24,4.1
2025-07-23,27,S001,Central Station,06:20,06:20,0.1
2025-06-24,14,S002,Market Street,12:20,12:21,1.4
2025-06-09,12,S002,Market Street,15:20,15:26,6.2
2025-06-28,14,S004,University Gate,15:20,15:24,4.9
2025-07-14,14,S004,University Gate,15:20,15:27,7.6
2025-07-19,27,S006,Harbor Road,09:20,09:19,-0.5
2025-06-29,12,S005,Industrial Estate,12:20,12:23,3.6
2025-07-22,12,S005,Industrial Estate,09:20,09:20,0.2
2025-07-08,27,S001,Central Station,06:20,06:23,3.4
2025-06-28,14,S005,Industrial Estate,15:20,15:24,4.8
2025-07-19,12,S004,University Gate,06:20,06:22,2.8
2025-07-25,12,S001,Central Station,06:20,06:25,5.9
2025-07-20,27,S003,Riverside Park,06:20,06:18,-2.0
2025-06-10,27,S004,University Gate,06:20,06:22,2.7
2025-06-20,12,S006,Harbor Road,06:20,06:28,8.3
2025-07-28,12,S004,University Gate,09:20,09:26,6.2
2025-06-18,12,S001,Central Station,09:20,09:20,0.7
2025-06-15,14,S005,Industrial Estate,06:20,06:28,8.9
2025-06-28,14,S004,University Gate,09:20,09:24,4.7
2025-06-27,12,S006,Harbor Road,15:20,15:18,-1.8
2025-07-04,14,S002,Market Street,12:20,12:21,1.6
2025-07-21,14,S002,Market Street,15:20,15:28,8.9
2025-07-15,12,S006,Harbor Road,12:20,12:27,7.8
2025-06-18,14,S002,Market Street,15:20,15:28,8.2
2025-07-10,27,S002,Market Street,06:20,06:22,2.4
2025-06-14,27,S004,University Gate,12:20,12:18,-2.0
2025-07-04,14,S003,Riverside Park,12:20,12:25,5.0
2025-07-21,12,S002,Market Street,15:20,15:22,2.8
2025-06-17,14,S004,University Gate,15:20,15:24,4.0
2025-06-12,14,S005,Industrial Estate,15:20,15:24,4.3
2025-06-13,12,S004,University Gate,12:20,12:20,0.3
2025-07-20,14,S006,Harbor Road,06:20,06:25,5.8
2025-07-27,14,S006,Harbor Road,06:20,06:27,7.5
2025-06-02,14,S003,Riverside Park,15:20,,
2025-06-12,27,S004,University Gate,15:20,15:19,-0.4
2025-07-15,14,S005,Industrial Estate,06:20,06:25,5.1
2025-06-16,14,S002,Market Street,09:20,09:26,6.7
2025-07-21,27,S006,Harbor Road,06:20,06:21,1.0
2025-06-21,27,S006,Harbor Road,15:20,15:20,0.2
2025-06-10,12,S002,Market Street,12:20,12:23,3.0
2025-07-19,12,S004,University Gate,12:20,12:22,2.7
2025-07-05,12,S003,Riverside Park,12:20,12:22,2.6
2025-06-17,27,S006,Harbor Road,06:20,06:23,3.2
2025-07-28,12,S005,Industrial Estate,15:20,15:26,6.3
2025-07-13,14,S001,Central Station,06:20,06:25,5.5
2025-06-04,14,S006,Harbor Road,12:20,12:22,2.7
2025-06-14,12,S004,University Gate,15:20,15:25,5.2
2025-07-22,14,S002,Market Street,15:20,,
2025-06-12,27,S001,Central Station,15:20,15:21,1.3
2025-07-23,12,S001,Central Station,15:20,15:23,3.8
2025-07-13,14,S004,University Gate,06:20,06:25,5.0
2025-06-20,14,S006,Harbor Road,15:20,15:23,3.4
2025-06-09,14,S004,University Gate,09:20,09:18,-1.4
2025-07-09,14,S001,Central Station,15:20,15:27,7.5
2025-06-07,27,S002,Market Street,15:20,15:22,2.0
2025-06-15,12,S001,Central Station,15:20,15:21,1.3
2025-07-03,12,S001,Central Station,09:20,09:24,4.4
2025-06-10,14,S005,Industrial Estate,12:20,12:23,3.9
2025-07-18,14,S001,Central Station,06:20,06:25,5.2
2025-07-15,14,S006,Harbor Road,06:20,06:26,6.4
2025-06-16,14,S005,Industrial Estate,09:20,09:24,4.2
2025-06-24,27,S003,Riverside Park,15:20,15:23,3.7
2025-06-11,12,S004,University Gate,12:20,12:23,3.8
2025-06-10,27,S004,University Gate,15:20,15:22,2.1
2025-07-05,14,S006,Harbor Road,12:20,12:22,2.4
2025-06-07,14,S004,University Gate,09:20,09:24,4.9
2025-07-14,27,S004,University Gate,15:20,15:21,1.6
2025-06-28,14,S001,Central Station,15:20,15:23,3.5
2025-07-31,14,S003,Riverside Park,12:20,12:20,0.1
2025-07-14,12,S004,University Gate,12:20,12:20,0.6
2025-07-29,12,S006,Harbor Road,12:20,12:20,0.8
2025-06-24,14,S003,Riverside Park,09:20,09:24,4.5
2025-06-17,14,S002,Market Street,09:20,09:23,3.1
2025-06-23,12,S003,Riverside Park,06:20,06:24,4.0
2025-06-02,14,S002,Market Street,12:20,,
2025-07-12,27,S004,University Gate,09:20,09:19,-0.9
2025-06-13,27,S003,Riverside Park,12:20,12:21,1.5
2025-06-30,14,S002,Market Street,12:20,12:19,-0.5
2025-07-26,12,S006,Harbor Road,12:20,12:18,-1.2
2025-07-28,12,S002,Market Street,12:20,12:24,4.5
2025-06-16,14,S001,Central Station,09:20,09:24,4.0
2025-07-22,27,S001,Central Station,15:20,15:26,6.6
2025-07-24,12,S005,Industrial Estate,09:20,09:21,1.7
2025-07-29,27,S003,Riverside Park,15:20,15:21,1.3
2025-06-09,27,S001,Central Station,06:20,06:25,5.9
2025-06-28,27,S003,Riverside Park,15:20,15:18,-1.8
2025-06-05,27,S002,Market Street,06:20,06:22,2.3
2025-07-07,12,S003,Riverside Park,09:20,09:27,7.2
2025-06-20,14,S006,Harbor Road,12:20,12:25,5.5
2025-06-12,27,S002,Market Street,09:20,09:23,3.7
2025-07-05,27,S005,Industrial Estate,09:20,09:23,3.1
2025-06-23,12,S006,Harbor Road,15:20,15:21,1.8
2025-06-09,27,S002,Market Street,09:20,09:26,6.0
2025-06-29,14,S002,Market Street,15:20,15:22,2.6
2025-07-05,14,S001,Central Station,12:20,12:22,2.5
2025-07-01,14,S003,Riverside Park,12:20,12:27,7.6
2025-06-19,27,S006,Harbor Road,09:20,09:20,0.2
2025-06-30,12,S004,University Gate,15:20,15:25,5.7
2025-07-07,27,S006,Harbor Road,09:20,09:18,-1.2
2025-06-10,14,S005,Industrial Estate,09:20,,
2025-06-10,12,S001,Central Station,15:20,15:25,5.6
2025-07-06,27,S003,Riverside Park,15:20,15:22,2.6
2025-06-03,12,S004,University Gate,12:20,12:25,5.5
2025-06-27,12,S004,University Gate,06:20,06:26,6.1
2025-06-13,12,S006,Harbor Road,12:20,12:20,0.9
2025-06-16,12,S005,Industrial Estate,15:20,15:24,4.1
2025-06-04,27,S005,Industrial Estate,09:20,09:26,6.0
2025-06-16,27,S006,Harbor Road,12:20,12:20,0.7
2025-07-30,27,S003,Riverside Park,09:20,09:22,2.0
2025-07-03,27,S001,Central Station,12:20,12:22,2.0
2025-07-14,27,S003,Riverside Park,09:20,09:18,-1.3
2025-06-02,14,S001,Central Station,15:20,15:26,6.6
2025-07-29,14,S001,Central Station,06:20,06:28,8.0
2025-06-22,27,S004,University Gate,09:20,09:18,-2.0
2025-06-24,12,S006,Harbor Road,06:20,06:20,0.2
2025-06-08,12,S003,Riverside Park,09:20,09:18,-2.0
2025-06-13,27,S002,Market Street,12:20,12:19,-0.6
2025-07-16,12,S005,Industrial Estate,12:20,12:24,4.7
2025-06-12,14,S006,Harbor Road,09:20,09:22,2.8
2025-07-15,27,S004,University Gate,15:20,15:18,-1.2
2025-07-24,12,S004,University Gate,06:20,06:24,4.7
2025-07-13,12,S004,University Gate,06:20,06:18,-2.0
2025-06-22,14,S002,Market Street,12:20,12:26,6.4
2025-07-31,14,S004,University Gate,12:20,12:24,4.8
2025-06-26,14,S004,University Gate,12:20,12:25,5.6
2025-06-30,27,S002,Market Street,09:20,09:25,5.1
2025-07-02,12,S006,Harbor Road,06:20,06:25,5.3
2025-07-16,14,S006,Harbor Road,15:20,15:32,12.1
2025-06-30,12,S005,Industrial Estate,15:20,15:23,3.1
2025-06-27,27,S006,Harbor Road,12:20,12:21,1.1
2025-07-21,27,S004,University Gate,09:20,,
2025-07-09,27,S001,Central Station,09:20,09:18,-1.5
2025-07-16,27,S002,Market Street,12:20,12:18,-1.1
2025-06-03,27,S003,Riverside Park,09:20,09:18,-2.0
2025-07-01,27,S002,Market Street,06:20,06:19,-0.2
2025-06-28,27,S001,Central Station,06:20,06:22,2.5
2025-07-31,27,S005,Industrial Estate,15:20,15:23,3.9
2025-06-12,12,S001,Central Station,12:20,12:24,4.2
2025-07-11,12,S006,Harbor Road,06:20,06:27,7.2
2025-07-30,27,S002,Market Street,06:20,06:22,2.7
2025-06-24,12,S004,University Gate,12:20,12:21,1.0
2025-07-21,12,S003,Riverside Park,06:20,06:24,4.1
2025-06-28,14,S003,Riverside Park,09:20,09:24,4.8
2025-06-02,14,S005,Industrial Estate,15:20,,
2025-07-06,27,S006,Harbor Road,06:20,06:25,5.8
2025-07-21,14,S003,Riverside Park,15:20,15:23,3.3
2025-07-13,14,S006,Harbor Road,06:20,06:22,2.7
2025-07-20,27,S005,Industrial Estate,15:20,15:21,1.4
2025-07-09,14,S005,Industrial Estate,15:20,15:24,4.6
2025-07-26,12,S003,Riverside Park,06:20,06:26,6.5
2025-07-11,14,S001,Central Station,15:20,15:30,10.6
2025-07-21,27,S001,Central Station,09:20,09:19,-0.9
2025-06-05,12,S003,Riverside Park,09:20,09:23,3.7
2025-06-19,27,S003,Riverside Park,06:20,,
2025-06-24,12,S004,University Gate,06:20,06:23,3.0
2025-07-31,12,S003,Riverside Park,12:20,12:24,4.3
2025-06-17,12,S005,Industrial Estate,09:20,09:19,-0.5
2025-06-29,14,S001,Central Station,12:20,12:22,2.6
2025-06-18,12,S006,Harbor Road,06:20,06:23,3.9
2025-07-13,27,S005,Industrial Estate,12:20,12:19,-0.6
2025-07-02,27,S003,Riverside Park,15:20,15:20,0.3
2025-06-14,27,S002,Market Street,06:20,06:19,-0.8
2025-06-10,27,S002,Market Street,15:20,15:22,2.1
2025-07-22,12,S004,University Gate,06:20,06:25,5.7
2025-07-18,27,S001,Central Station,12:20,12:22,2.2
2025-07-23,27,S006,Harbor Road,15:20,15:18,-2.0
2025-06-25,14,S003,Riverside Park,12:20,12:28,8.4
2025-06-22,27,S001,Central Station,15:20,15:19,-0.2
2025-06-15,27,S003,Riverside Park,12:20,12:20,0.6
2025-06-09,14,S006,Harbor Road,09:20,09:23,3.5
2025-07-30,12,S004,University Gate,06:20,06:28,8.0
2025-06-29,27,S005,Industrial Estate,12:20,12:18,-2.0
2025-07-18,14,S004,University Gate,09:20,09:19,-0.8
2025-07-08,14,S003,Riverside Park,12:20,12:31,11.8
2025-06-14,14,S005,Industrial Estate,09:20,09:26,6.7
2025-07-05,27,S001,Central Station,06:20,06:23,3.7
2025-07-02,14,S005,Industrial Estate,12:20,12:23,3.4
2025-07-10,12,S005,Industrial Estate,15:20,15:24,4.0
2025-07-02,12,S002,Market Street,12:20,12:21,1.7
2025-06-09,14,S002,Market Street,15:20,15:21,1.9
2025-06-29,12,S006,Harbor Road,06:20,06:21,1.6
2025-07-29,27,S005,Industrial Estate,15:20,15:21,1.3
2025-07-16,14,S001,Central Station,09:20,09:20,0.7
2025-06-03,27,S002,Market Street,06:20,06:24,4.7
2025-07-12,27,S005,Industrial Estate,12:20,12:24,4.2
2025-07-18,27,S005,Industrial Estate,09:20,09:23,3.2
2025-07-05,27,S002,Market Street,15:20,15:21,1.4
2025-06-16,14,S002,Market Street,15:20,15:26,6.7
2025-06-09,14,S006,Harbor Road,06:20,06:25,5.8
2025-06-10,12,S005,Industrial Estate,15:20,15:28,8.3
2025-06-02,27,S003,Riverside Park,15:20,15:24,4.6
2025-07-18,14,S005,Industrial Estate,09:20,09:25,5.7
2025-06-21,14,S004,University Gate,15:20,15:23,3.1
2025-07-03,12,S006,Harbor Road,15:20,15:27,7.5
2025-07-31,27,S001,Central Station,12:20,12:21,1.2
2025-06-15,27,S005,Industrial Estate,09:20,09:22,2.2
2025-06-24,27,S005,Industrial Estate,06:20,06:23,3.7
2025-07-18,27,S005,Industrial Estate,15:20,15:22,2.7
2025-06-24,12,S001,Central Station,06:20,06:24,4.9
2025-07-01,27,S001,Central Station,12:20,12:19,-0.9
2025-06-22,12,S001,Central Station,15:20,15:23,3.8
2025-06-13,12,S006,Harbor Road,15:20,15:23,3.2
2025-07-13,14,S004,University Gate,09:20,09:24,4.7
2025-07-14,12,S006,Harbor Road,15:20,15:26,6.4
2025-07-03,14,S005,Industrial Estate,09:20,09:26,6.6
2025-06-20,27,S003,Riverside Park,06:20,06:27,7.0
2025-06-11,12,S002,Market Street,09:20,09:21,1.5
2025-07-31,12,S002,Market Street,15:20,15:24,4.7
2025-07-14,12,S002,Market Street,06:20,06:23,3.3
2025-07-09,27,S001,Central Station,06:20,06:24,4.5
2025-07-14,12,S003,Riverside Park,06:20,06:24,4.1
2025-07-10,12,S001,Central Station,15:20,15:27,7.3
2025-06-09,12,S001,Central Station,12:20,12:24,4.3
2025-07-12,14,S003,Riverside Park,12:20,12:26,6.3
2025-07-07,27,S003,Riverside Park,06:20,06:22,2.4
2025-07-20,27,S001,Central Station,15:20,15:22,2.6
2025-07-24,12,S004,University Gate,15:20,15:20,0.9
2025-06-23,27,S002,Market Street,06:20,06:26,6.5
2025-07-10,14,S001,Central Station,12:20,12:23,3.6
2025-06-05,12,S004,University Gate,12:20,12:23,3.9
2025-07-10,27,S005,Industrial Estate,15:20,15:23,3.5
2025-06-04,27,S002,Market Street,09:20,09:20,0.7
2025-07-10,14,S002,Market Street,09:20,09:24,4.4
2025-07-07,12,S004,University Gate,09:20,09:21,1.3
2025-07-16,12,S003,Riverside Park,09:20,09:20,0.6
2025-07-17,12,S004,University Gate,15:20,15:25,5.2
2025-06-19,12,S001,Central Station,06:20,06:24,4.4
2025-07-29,14,S003,Riverside Park,15:20,15:25,5.3
2025-07-11,12,S006,Harbor Road,15:20,15:26,6.5
2025-07-15,27,S003,Riverside Park,06:20,06:23,3.4
2025-07-27,14,S001,Central Station,12:20,12:23,3.8
2025-07-15,12,S004,University Gate,15:20,15:20,0.6
2025-07-13,27,S006,Harbor Road,12:20,12:21,1.1
2025-06-10,12,S006,Harbor Road,12:20,12:28,8.6
2025-07-21,12,S001,Central Station,09:20,09:25,5.2
2025-07-17,27,S002,Market Street,15:20,15:22,2.5
2025-07-11,12,S002,Market Street,09:20,09:24,4.9
2025-06-20,27,S001,Central Station,09:20,09:18,-1.1
2025-07-10,12,S002,Market Street,09:20,09:23,3.3
2025-07-19,27,S004,University Gate,12:20,12:21,1.1
2025-07-07,14,S005,Industrial Estate,09:20,09:28,8.1
2025-07-03,12,S004,University Gate,06:20,06:23,3.0
2025-07-17,12,S003,Riverside Park,09:20,09:19,-0.7
2025-06-18,14,S005,Industrial Estate,15:20,15:30,10.0
2025-06-19,27,S006,Harbor Road,06:20,06:26,6.3
2025-07-05,12,S006,Harbor Road,06:20,06:21,1.0
2025-06-19,14,S003,Riverside Park,06:20,06:27,7.3
2025-07-10,27,S006,Harbor Road,06:20,06:20,0.7
2025-06-26,14,S006,Harbor Road,06:20,06:25,5.1
2025-06-13,27,S005,Industrial Estate,06:20,06:22,2.4
2025-06-03,12,S002,Market Street,15:20,15:25,5.9
2025-07-29,27,S003,Riverside Park,12:20,12:22,2.6
2025-06-22,12,S004,University Gate,12:20,12:18,-2.0
2025-07-24,12,S003,Riverside Park,09:20,09:21,1.1
2025-06-19,14,S001,Central Station,15:20,15:25,5.9
2025-06-17,27,S004,University Gate,12:20,12:19,-1.0
2025-07-15,27,S001,Central Station,06:20,06:21,1.9
2025-06-03,27,S005,Industrial Estate,09:20,09:22,2.8
2025-06-14,14,S001,Central Station,09:20,09:26,6.2
2025-06-02,12,S002,Market Street,12:20,12:23,3.3
2025-07-17,12,S006,Harbor Road,09:20,09:20,0.7
2025-07-01,12,S001,Central Station,06:20,06:23,3.2
2025-07-02,12,S001,Central Station,12:20,12:24,4.2
2025-06-16,27,S001,Central Station,09:20,09:21,1.3
2025-07-02,14,S006,Harbor Road,06:20,06:23,3.7
2025-07-19,12,S001,Central Station,06:20,06:22,2.0
2025-07-20,12,S001,Central Station,09:20,09:18,-2.0
2025-07-11,27,S002,Market Street,15:20,15:22,2.2
2025-07-27,14,S002,Market Street,06:20,,
2025-06-16,12,S003,Riverside Park,09:20,09:24,4.8
2025-07-19,14,S004,University Gate,15:20,15:25,5.6
2025-06-07,12,S006,Harbor Road,15:20,15:25,5.4
2025-06-25,12,S003,Riverside Park,12:20,12:20,0.9
2025-07-13,12,S006,Harbor Road,15:20,15:26,6.2
2025-06-06,12,S006,Harbor Road,12:20,12:23,3.9
2025-06-29,14,S004,University Gate,06:20,06:25,5.5
2025-06-09,14,S004,University Gate,15:20,15:26,6.4
2025-07-12,12,S004,University Gate,09:20,09:19,-0.1
2025-06-21,12,S003,Riverside Park,15:20,15:23,3.4
2025-06-08,12,S005,Industrial Estate,12:20,12:24,4.8
2025-06-12,27,S001,Central Station,12:20,12:19,-0.4
2025-06-30,14,S005,Industrial Estate,09:20,09:27,7.9
2025-07-12,27,S003,Riverside Park,15:20,15:20,0.9
2025-07-09,27,S004,University Gate,15:20,15:18,-2.0
2025-06-02,12,S005,Industrial Estate,06:20,06:24,4.6
2025-07-17,12,S006,Harbor Road,12:20,12:18,-1.8
2025-07-04,27,S002,Market Street,09:20,09:22,2.9
2025-07-31,14,S002,Market Street,12:20,12:26,6.7
2025-07-01,12,S005,Industrial Estate,15:20,15:20,0.3
2025-06-25,27,S003,Riverside Park,15:20,15:25,5.3
2025-06-20,27,S003,Riverside Park,09:20,09:20,0.0
2025-07-02,27,S001,Central Station,15:20,15:24,4.3
2025-06-25,27,S005,Industrial Estate,15:20,15:23,3.5
2025-07-27,12,S004,University Gate,09:20,09:21,1.3
2025-06-11,12,S001,Central Station,12:20,12:22,2.8
2025-06-16,27,S003,Riverside Park,15:20,15:20,0.2
2025-06-24,14,S005,Industrial Estate,12:20,12:21,1.8
2025-07-10,14,S005,Industrial Estate,09:20,09:23,3.6
2025-06-04,27,S004,University Gate,09:20,09:21,1.2
2025-06-14,12,S006,Harbor Road,15:20,15:25,5.3
2025-06-03,12,S002,Market Street,12:20,12:22,2.3
2025-06-10,27,S006,Harbor Road,06:20,06:24,4.5
2025-06-21,14,S005,Industrial Estate,06:20,,
2025-07-01,14,S001,Central Station,09:20,09:24,4.7
2025-07-05,12,S005,Industrial Estate,09:20,09:20,0.9
2025-06-24,12,S002,Market Street,15:20,15:21,1.0
2025-06-21,12,S003,Riverside Park,06:20,06:23,3.7
2025-06-16,14,S005,Industrial Estate,12:20,12:25,5.5
2025-07-30,27,S005,Industrial Estate,06:20,06:27,7.4
2025-06-28,27,S004,University Gate,09:20,09:20,0.6
2025-07-15,14,S003,Riverside Park,06:20,06:25,5.5
2025-06-09,27,S004,University Gate,09:20,09:18,-2.0
2025-06-11,14,S004,University Gate,12:20,12:22,2.8
2025-07-10,14,S006,Harbor Road,09:20,09:24,4.1
2025-07-05,12,S002,Market Street,09:20,09:19,-0.1
2025-06-11,12,S006,Harbor Road,09:20,09:22,2.1
2025-06-04,12,S003,Riverside Park,06:20,06:21,1.2
2025-07-24,27,S003,Riverside Park,15:20,15:20,0.7
2025-07-26,27,S006,Harbor Road,12:20,12:23,3.2
2025-06-24,14,S005,Industrial Estate,06:20,06:26,6.8
2025-06-23,12,S004,University Gate,06:20,06:21,1.6
2025-06-04,12,S005,Industrial Estate,09:20,09:24,4.0
2025-06-24,27,S004,University Gate,09:20,09:23,3.3
2025-07-20,12,S005,Industrial Estate,12:20,12:21,1.9
2025-06-05,12,S006,Harbor Road,12:20,12:19,-0.4
2025-06-21,12,S001,Central Station,09:20,09:23,3.8
2025-06-22,27,S003,Riverside Park,12:20,12:18,-2.0
2025-07-23,14,S001,Central Station,09:20,,
2025-06-05,27,S005,Industrial Estate,06:20,06:22,2.2
2025-07-23,14,S004,University Gate,15:20,15:19,-0.3
2025-06-04,14,S003,Riverside Park,09:20,,
2025-06-09,14,S003,Riverside Park,12:20,12:24,4.5
2025-07-22,27,S006,Harbor Road,06:20,06:24,4.5
2025-07-13,12,S003,Riverside Park,15:20,15:21,1.1
2025-06-14,14,S006,Harbor Road,12:20,12:18,-1.9
2025-07-26,27,S006,Harbor Road,06:20,06:23,3.4
2025-07-24,14,S006,Harbor Road,06:20,06:26,6.9
2025-06-22,12,S002,Market Street,12:20,12:25,5.5
2025-07-18,12,S002,Market Street,06:20,06:26,6.1
2025-07-20,12,S003,Riverside Park,12:20,12:22,2.6
2025-07-21,12,S004,University Gate,06:20,06:26,6.0
2025-06-29,14,S006,Harbor Road,12:20,12:26,6.3
2025-06-25,14,S006,Harbor Road,09:20,,
2025-07-24,14,S006,Harbor Road,12:20,12:25,5.9
2025-07-08,12,S005,Industrial Estate,15:20,15:19,-0.5
2025-06-14,14,S006,Harbor Road,15:20,15:25,5.1
2025-06-22,27,S003,Riverside Park,15:20,15:24,4.9
2025-06-28,12,S003,Riverside Park,15:20,15:20,0.6
2025-06-18,12,S005,Industrial Estate,09:20,09:22,2.6
2025-06-10,12,S001,Central Station,09:20,09:21,1.8
2025-06-07,27,S003,Riverside Park,06:20,,
2025-07-26,14,S002,Market Street,09:20,09:22,2.9
2025-07-11,12,S004,University Gate,15:20,15:25,5.1
2025-07-19,27,S005,Industrial Estate,06:20,06:21,1.9
2025-07-04,14,S001,Central Station,06:20,06:28,8.6
2025-07-03,12,S004,University Gate,15:20,15:26,6.8
2025-06-02,12,S004,University Gate,09:20,09:22,2.8
2025-07-20,27,S005,Industrial Estate,09:20,09:18,-1.4
2025-06-24,27,S002,Market Street,06:20,06:20,0.3
2025-07-25,27,S002,Market Street,12:20,12:18,-1.2
2025-07-10,14,S003,Riverside Park,09:20,09:22,2.7
2025-06-27,14,S001,Central Station,06:20,06:27,7.3
2025-06-03,12,S003,Riverside Park,09:20,09:21,1.8
2025-06-19,12,S001,Central Station,09:20,09:19,-0.4
2025-06-02,27,S003,Riverside Park,06:20,06:24,4.4
2025-06-06,27,S003,Riverside Park,09:20,09:25,5.4
2025-07-15,14,S002,Market Street,06:20,06:24,4.6
2025-06-28,14,S002,Market Street,09:20,09:27,7.7
2025-06-25,27,S004,University Gate,09:20,09:20,0.6
2025-07-19,14,S002,Market Street,15:20,15:23,3.9
2025-07-17,27,S001,Central Station,15:20,15:19,-0.5
2025-07-21,12,S005,Industrial Estate,12:20,12:25,5.0
2025-06-06,12,S001,Central Station,06:20,06:22,2.2
2025-07-04,14,S004,University Gate,06:20,06:23,3.7
2025-06-20,27,S006,Harbor Road,06:20,06:22,2.7
2025-06-08,14,S005,Industrial Estate,12:20,12:18,-1.3
2025-07-07,27,S004,University Gate,15:20,15:21,1.2
2025-06-23,14,S002,Market Street,15:20,15:26,6.7
2025-06-19,12,S005,Industrial Estate,09:20,09:23,3.5
2025-07-04,12,S001,Central Station,06:20,06:24,4.2
2025-07-07,27,S004,University Gate,06:20,06:25,5.3
2025-07-02,27,S002,Market Street,09:20,09:18,-2.0
2025-06-27,12,S004,University Gate,09:20,09:20,0.5
2025-06-08,14,S001,Central Station,12:20,12:22,2.1
2025-06-28,14,S002,Market Street,15:20,15:24,4.3
2025-06-15,27,S004,University Gate,06:20,06:19,-0.4
2025-06-09,27,S003,Riverside Park,06:20,06:20,0.3
2025-06-10,12,S004,University Gate,09:20,09:22,2.9
2025-06-05,14,S001,Central Station,12:20,12:18,-1.3
2025-07-13,14,S001,Central Station,12:20,12:26,6.1
2025-06-10,12,S002,Market Street,15:20,15:23,3.1
2025-07-28,14,S004,University Gate,12:20,12:24,4.8
2025-07-10,14,S003,Riverside Park,06:20,06:28,8.4
2025-06-10,27,S005,Industrial Estate,15:20,15:21,1.3
2025-06-19,14,S004,University Gate,06:20,06:26,6.5
2025-07-12,12,S001,Central Station,06:20,06:23,3.9
2025-07-02,12,S006,Harbor Road,12:20,12:22,2.8
2025-06-09,27,S005,Industrial Estate,09:20,09:18,-2.0
2025-07-22,14,S003,Riverside Park,12:20,12:23,3.3
2025-07-15,14,S006,Harbor Road,12:20,12:25,5.4
2025-07-05,27,S006,Harbor Road,12:20,12:18,-1.2
2025-06-22,27,S003,Riverside Park,09:20,09:21,1.6
2025-07-12,12,S005,Industrial Estate,06:20,06:30,10.9
2025-07-07,12,S001,Central Station,09:20,,
2025-06-25,12,S003,Riverside Park,15:20,15:21,1.7
2025-07-11,12,S003,Riverside Park,12:20,12:20,0.2
2025-06-06,12,S002,Market Street,09:20,09:21,1.0
2025-07-10,12,S005,Industrial Estate,06:20,06:26,6.7
2025-06-23,14,S004,University Gate,12:20,12:25,5.3
2025-06-11,12,S002,Market Street,06:20,06:26,6.7
2025-06-12,27,S005,Industrial Estate,12:20,12:22,2.9
2025-07-23,27,S006,Harbor Road,09:20,09:22,2.5
2025-07-09,12,S005,Industrial Estate,09:20,09:21,1.0
2025-06-14,12,S003,Riverside Park,09:20,09:22,2.4
2025-06-26,12,S001,Central Station,06:20,06:22,2.7
2025-06-16,14,S003,Riverside Park,06:20,06:25,5.8
2025-07-20,14,S003,Riverside Park,15:20,15:24,4.9
2025-07-22,27,S004,University Gate,09:20,09:18,-2.0
2025-07-07,12,S003,Riverside Park,06:20,06:23,3.5
2025-06-16,27,S002,Market Street,06:20,06:23,3.3
2025-07-25,27,S004,University Gate,12:20,12:21,1.4
2025-06-03,14,S001,Central Station,12:20,12:29,9.4
2025-07-18,27,S006,Harbor Road,12:20,12:19,-0.2
2025-06-16,12,S001,Central Station,12:20,12:20,0.6
2025-06-10,14,S003,Riverside Park,06:20,06:27,7.5
2025-06-08,14,S005,Industrial Estate,15:20,15:27,7.6
2025-06-04,27,S002,Market Street,12:20,12:25,5.8
2025-06-23,27,S006,Harbor Road,15:20,15:22,2.9
2025-06-09,27,S006,Harbor Road,06:20,06:21,1.8
2025-06-30,27,S006,Harbor Road,12:20,12:18,-2.0
2025-06-28,27,S006,Harbor Road,12:20,12:20,0.7
2025-06-16,14,S003,Riverside Park,09:20,09:21,1.4
2025-06-07,12,S001,Central Station,09:20,09:19,-0.6
2025-07-28,14,S001,Central Station,09:20,09:19,-0.4
2025-06-30,27,S006,Harbor Road,06:20,06:19,-0.9
2025-06-12,27,S003,Riverside Park,06:20,06:28,8.0
2025-06-14,27,S005,Industrial Estate,06:20,06:21,1.4
2025-06-20,14,S003,Riverside Park,09:20,09:20,0.8
2025-06-29,27,S006,Harbor Road,15:20,15:19,-0.6
2025-06-12,14,S004,University Gate,09:20,09:23,3.8
2025-06-18,27,S004,University Gate,12:20,12:20,0.3
2025-07-30,14,S006,Harbor Road,09:20,09:28,8.3
2025-07-21,12,S001,Central Station,12:20,12:19,-0.7
2025-07-31,12,S005,Industrial Estate,15:20,15:22,2.8
2025-06-06,12,S006,Harbor Road,15:20,15:23,3.0
2025-07-01,14,S002,Market Street,15:20,15:26,6.3
2025-06-16,14,S003,Riverside Park,15:20,15:23,3.2
2025-06-25,12,S006,Harbor Road,15:20,15:23,3.7
2025-06-28,12,S002,Market Street,06:20,06:22,2.7
2025-07-09,14,S005,Industrial Estate,12:20,12:25,5.7
2025-07-14,27,S004,University Gate,12:20,12:20,0.1
2025-06-30,14,S004,University Gate,09:20,09:24,4.2
2025-06-07,12,S004,University Gate,15:20,15:23,3.7
2025-07-03,12,S005,Industrial Estate,09:20,09:23,3.5
2025-07-05,12,S003,Riverside Park,15:20,15:21,1.8
2025-06-21,27,S005,Industrial Estate,09:20,09:18,-2.0
2025-07-14,14,S001,Central Station,06:20,06:25,5.1
2025-06-30,27,S003,Riverside Park,09:20,09:19,-0.2
2025-07-24,12,S003,Riverside Park,06:20,06:24,4.0
2025-07-01,27,S003,Riverside Park,06:20,06:20,0.5
2025-07-10,12,S001,Central Station,06:20,06:25,5.0
2025-07-20,14,S006,Harbor Road,12:20,12:24,4.1
2025-06-14,27,S003,Riverside Park,09:20,09:18,-2.0
2025-06-19,27,S005,Industrial Estate,15:20,15:24,4.3
2025-06-13,14,S006,Harbor Road,09:20,09:23,3.3
2025-06-27,27,S005,Industrial Estate,09:20,09:22,2.3
2025-07-21,12,S001,Central Station,06:20,06:24,4.5
2025-06-12,12,S002,Market Street,12:20,12:21,1.6
2025-07-08,12,S003,Riverside Park,06:20,06:19,-0.8
2025-06-23,12,S001,Central Station,06:20,06:21,1.4
2025-07-01,27,S003,Riverside Park,15:20,15:18,-1.6
2025-07-04,27,S005,Industrial Estate,12:20,12:21,1.3
2025-06-22,14,S004,University Gate,15:20,15:22,2.2
2025-07-23,12,S006,Harbor Road,12:20,12:21,1.8
2025-06-19,14,S004,University Gate,12:20,12:28,8.8
2025-07-13,27,S005,Industrial Estate,06:20,06:18,-1.4
2025-07-02,12,S002,Market Street,15:20,15:24,4.1
2025-07-06,12,S001,Central Station,12:20,12:22,2.6
2025-07-29,14,S004,University Gate,09:20,09:25,5.3
2025-06-25,14,S003,Riverside Park,09:20,09:22,2.3
2025-07-29,27,S001,Central Station,15:20,15:23,3.6
2025-06-11,14,S005,Industrial Estate,09:20,,
2025-07-04,14,S004,University Gate,09:20,09:24,4.5
2025-07-10,27,S003,Riverside Park,09:20,09:20,0.3
2025-07-29,14,S001,Central Station,12:20,12:27,7.8
2025-06-08,27,S004,University Gate,12:20,12:18,-1.9
2025-07-06,14,S002,Market Street,09:20,09:25,5.1
2025-07-31,27,S004,University Gate,06:20,06:24,4.8
2025-06-13,14,S002,Market Street,15:20,15:22,2.0
2025-06-05,14,S006,Harbor Road,09:20,09:21,1.0
2025-06-12,12,S002,Market Street,09:20,09:19,-0.5
2025-06-14,12,S001,Central Station,06:20,06:27,7.3
2025-06-27,27,S001,Central Station,15:20,15:23,3.0
2025-07-28,27,S005,Industrial Estate,09:20,09:20,0.8
2025-06-28,12,S003,Riverside Park,09:20,09:23,3.2
2025-06-17,12,S002,Market Street,06:20,06:23,3.0
2025-07-09,27,S004,University Gate,12:20,12:23,3.4
2025-07-01,14,S001,Central Station,15:20,15:28,8.5
2025-07-15,14,S001,Central Station,15:20,15:29,9.0
2025-07-20,27,S005,Industrial Estate,06:20,06:19,-0.1
2025-06-29,14,S006,Harbor Road,06:20,06:26,6.0
2025-06-21,14,S006,Harbor Road,09:20,09:25,5.0
2025-06-02,27,S001,Central Station,09:20,09:19,-0.8
2025-07-24,27,S003,Riverside Park,06:20,06:22,2.7
2025-07-06,27,S005,Industrial Estate,15:20,15:20,0.8
2025-06-02,27,S006,Harbor Road,09:20,09:22,2.8
2025-06-26,27,S002,Market Street,06:20,06:27,7.1
2025-06-05,14,S005,Industrial Estate,12:20,12:23,3.9
2025-06-04,27,S004,University Gate,12:20,12:20,0.3
2025-07-16,14,S003,Riverside Park,09:20,09:21,1.5
2025-07-31,14,S004,University Gate,06:20,06:27,7.3
2025-07-29,12,S002,Market Street,09:20,09:22,2.0
2025-06-22,12,S005,Industrial Estate,06:20,06:21,1.2
2025-06-17,27,S002,Market Street,15:20,15:20,0.1
2025-07-02,14,S006,Harbor Road,15:20,15:25,5.0
2025-06-09,14,S003,Riverside Park,15:20,15:24,4.8
2025-07-02,27,S001,Central Station,09:20,,
2025-06-05,14,S002,Market Street,15:20,15:28,8.5
2025-07-17,27,S005,Industrial Estate,06:20,06:24,4.8
2025-07-19,14,S001,Central Station,15:20,15:23,3.8
2025-06-14,27,S005,Industrial Estate,09:20,09:18,-1.1
2025-06-26,27,S005,Industrial Estate,12:20,12:20,0.5
2025-06-07,12,S003,Riverside Park,06:20,06:28,8.7
2025-06-27,14,S005,Industrial Estate,12:20,12:21,1.7
2025-06-07,14,S006,Harbor Road,09:20,09:22,2.0
2025-07-09,12,S002,Market Street,09:20,09:23,3.5
2025-07-23,14,S004,University Gate,06:20,06:18,-2.0
2025-06-19,27,S006,Harbor Road,15:20,15:24,4.6
2025-07-07,14,S004,University Gate,15:20,15:29,9.6
2025-07-20,27,S001,Central Station,06:20,06:20,-0.0
2025-06-06,12,S004,University Gate,15:20,15:21,1.2
2025-07-05,14,S006,Harbor Road,15:20,15:27,7.5
2025-06-13,27,S006,Harbor Road,12:20,12:19,-0.9
2025-07-04,14,S003,Riverside Park,15:20,15:22,2.7
2025-06-04,12,S006,Harbor Road,12:20,12:22,2.8
2025-06-05,14,S001,Central Station,09:20,09:26,6.1
2025-07-26,14,S004,University Gate,15:20,15:24,4.7
2025-07-07,12,S004,University Gate,06:20,06:21,1.4
2025-06-10,12,S003,Riverside Park,15:20,15:24,4.8
2025-07-03,14,S002,Market Street,12:20,12:21,1.2
2025-06-09,14,S002,Market Street,09:20,09:23,3.8
2025-07-06,14,S002,Market Street,06:20,06:25,5.5
2025-06-05,27,S005,Industrial Estate,12:20,12:19,-0.3
2025-06-20,27,S005,Industrial Estate,15:20,15:20,0.9
2025-07-26,12,S005,Industrial Estate,12:20,12:23,3.1
2025-06-21,12,S004,University Gate,06:20,06:27,7.3
2025-07-18,14,S002,Market Street,09:20,09:23,3.7
2025-07-19,14,S006,Harbor Road,06:20,06:28,8.5
2025-07-22,27,S006,Harbor Road,12:20,12:22,2.7
2025-07-03,14,S002,Market Street,06:20,06:28,8.1
2025-06-17,12,S006,Harbor Road,09:20,09:23,3.6
2025-07-06,12,S005,Industrial Estate,15:20,15:22,2.8
2025-06-05,14,S005,Industrial Estate,06:20,06:27,7.6
2025-07-14,12,S006,Harbor Road,12:20,12:26,6.7
2025-06-25,14,S004,University Gate,09:20,09:27,7.3
2025-07-27,27,S005,Industrial Estate,06:20,06:22,2.8
2025-06-18,12,S004,University Gate,12:20,12:19,-0.2
2025-07-16,27,S003,Riverside Park,09:20,09:21,1.7
2025-06-13,27,S005,Industrial Estate,09:20,09:18,-1.7
2025-06-24,14,S001,Central Station,12:20,12:22,2.4
2025-06-30,27,S001,Central Station,15:20,15:22,2.3
2025-07-11,27,S004,University Gate,09:20,09:20,0.4
2025-07-09,12,S006,Harbor Road,09:20,09:27,7.7
2025-06-15,27,S002,Market Street,15:20,15:22,2.1
2025-07-14,27,S005,Industrial Estate,06:20,06:22,2.6
2025-07-04,27,S006,Harbor Road,15:20,15:22,2.8
2025-06-28,12,S001,Central Station,09:20,09:25,5.3
2025-07-22,14,S003,Riverside Park,15:20,15:30,10.0
2025-06-16,14,S001,Central Station,15:20,,
2025-07-27,27,S004,University Gate,15:20,15:21,1.8
2025-07-28,12,S002,Market Street,06:20,06:23,3.0
2025-07-24,14,S002,Market Street,15:20,15:28,8.5
2025-06-12,12,S006,Harbor Road,09:20,09:18,-1.8
2025-07-07,27,S004,University Gate,12:20,12:21,1.0
2025-06-27,12,S001,Central Station,12:20,12:24,4.9
2025-07-04,12,S006,Harbor Road,09:20,09:22,2.1
2025-06-22,27,S004,University Gate,06:20,06:18,-1.2
2025-06-27,12,S006,Harbor Road,12:20,12:21,1.5
2025-06-15,27,S001,Central Station,15:20,15:20,0.6
2025-06-08,14,S005,Industrial Estate,06:20,06:23,3.5
2025-06-19,27,S005,Industrial Estate,09:20,09:23,3.9
2025-07-20,14,S003,Riverside Park,12:20,12:24,4.3
2025-06-15,12,S003,Riverside Park,09:20,09:22,2.5
2025-06-22,14,S005,Industrial Estate,12:20,12:26,6.7
2025-06-15,27,S003,Riverside Park,15:20,15:21,1.3
2025-07-28,27,S001,Central Station,09:20,09:25,5.8
2025-06-15,27,S004,University Gate,15:20,15:20,-0.0
2025-07-29,12,S003,Riverside Park,09:20,09:27,7.1
2025-07-25,14,S001,Central Station,09:20,09:23,3.5
2025-07-25,14,S006,Harbor Road,06:20,06:26,6.9
2025-06-20,12,S001,Central Station,12:20,12:19,-0.7
2025-06-27,12,S002,Market Street,12:20,12:22,2.5
2025-06-28,27,S004,University Gate,12:20,12:27,7.4
2025-07-09,27,S005,Industrial Estate,15:20,15:22,2.9
2025-06-08,27,S005,Industrial Estate,06:20,06:20,0.3
2025-06-25,27,S003,Riverside Park,06:20,06:21,1.1
2025-07-03,12,S003,Riverside Park,12:20,12:21,1.1
2025-07-02,14,S005,Industrial Estate,15:20,15:33,13.7
2025-07-17,14,S005,Industrial Estate,06:20,06:23,3.5
2025-07-17,27,S004,University Gate,12:20,12:18,-1.7
2025-07-19,14,S005,Industrial Estate,12:20,12:21,1.9
2025-07-12,12,S005,Industrial Estate,15:20,15:27,7.8
2025-07-19,12,S003,Riverside Park,15:20,15:24,4.6
2025-06-23,14,S004,University Gate,15:20,15:23,3.1
2025-06-14,12,S005,Industrial Estate,06:20,06:23,3.0
2025-06-21,14,S005,Industrial Estate,09:20,09:23,3.8
2025-07-23,14,S006,Harbor Road,06:20,06:23,3.4
2025-07-22,12,S004,University Gate,12:20,12:19,-0.7
2025-07-06,12,S002,Market Street,06:20,06:23,3.3
2025-06-03,14,S003,Riverside Park,06:20,06:25,5.6
2025-07-31,14,S005,Industrial Estate,15:20,15:24,4.4
2025-07-09,12,S004,University Gate,06:20,06:27,7.2
2025-06-04,14,S004,University Gate,12:20,12:25,5.6
2025-06-22,27,S006,Harbor Road,06:20,06:19,-0.1
2025-07-26,27,S004,University Gate,06:20,06:18,-1.3
2025-06-03,27,S002,Market Street,15:20,15:23,3.2
2025-07-12,12,S002,Market Street,15:20,15:22,2.8
2025-06-28,27,S002,Market Street,15:20,15:18,-2.0
2025-07-26,27,S003,Riverside Park,09:20,09:21,1.2
2025-07-05,14,S002,Market Street,06:20,06:26,6.2
2025-07-18,27,S006,Harbor Road,15:20,15:26,6.0
2025-07-24,14,S003,Riverside Park,15:20,15:27,7.0
2025-06-20,14,S005,Industrial Estate,09:20,09:25,5.2
2025-06-03,14,S002,Market Street,09:20,09:24,4.8
2025-07-27,27,S001,Central Station,12:20,12:23,3.0
2025-07-24,27,S002,Market Street,15:20,15:21,1.5
2025-06-26,12,S005,Industrial Estate,12:20,12:22,2.4
2025-06-06,12,S002,Market Street,06:20,06:22,2.7
2025-06-25,14,S006,Harbor Road,15:20,15:29,9.0
2025-07-26,12,S002,Market Street,09:20,09:24,4.1
2025-07-30,14,S002,Market Street,15:20,15:26,6.9
2025-06-13,14,S005,Industrial Estate,15:20,15:23,3.5
2025-06-15,14,S003,Riverside Park,12:20,12:23,3.7
2025-07-30,27,S003,Riverside Park,12:20,12:24,4.8
2025-07-01,12,S002,Market Street,09:20,09:20,0.2
2025-06-08,14,S002,Market Street,15:20,15:27,7.2
2025-07-01,27,S005,Industrial Estate,09:20,09:21,1.1
2025-07-06,12,S006,Harbor Road,06:20,06:23,3.4
2025-06-06,14,S002,Market Street,09:20,09:26,6.4
2025-07-02,14,S001,Central Station,06:20,06:21,1.9
2025-07-03,14,S003,Riverside Park,12:20,12:26,6.5
2025-07-31,27,S004,University Gate,09:20,09:18,-1.2
2025-07-25,14,S005,Industrial Estate,06:20,06:24,4.5
2025-07-23,27,S005,Industrial Estate,06:20,06:25,5.6
2025-07-14,14,S005,Industrial Estate,15:20,15:28,8.6
2025-07-26,27,S002,Market Street,15:20,15:24,4.5
2025-07-06,12,S005,Industrial Estate,12:20,12:25,5.8
2025-07-07,27,S005,Industrial Estate,15:20,15:22,2.4
2025-06-14,27,S006,Harbor Road,09:20,09:21,1.2
2025-06-04,14,S001,Central Station,15:20,15:24,4.7
2025-07-27,27,S003,Riverside Park,06:20,06:18,-2.0
2025-07-20,12,S004,University Gate,12:20,12:21,1.3
2025-06-30,27,S003,Riverside Park,15:20,15:24,4.2
2025-06-12,14,S003,Riverside Park,12:20,12:28,8.2
2025-06-04,12,S004,University Gate,09:20,09:25,5.3
2025-07-05,27,S004,University Gate,15:20,15:19,-0.6
2025-06-15,12,S005,Industrial Estate,09:20,09:20,0.6
2025-07-15,12,S001,Central Station,15:20,15:20,0.6
2025-07-27,14,S002,Market Street,12:20,12:25,5.4
2025-07-19,14,S004,University Gate,06:20,06:23,3.9
2025-07-26,14,S005,Industrial Estate,12:20,12:20,0.5
2025-07-08,12,S006,Harbor Road,06:20,06:22,2.8
2025-07-18,14,S006,Harbor Road,06:20,06:24,4.5
2025-07-13,27,S006,Harbor Road,06:20,06:22,2.9
2025-07-21,14,S002,Market Street,06:20,06:25,5.8
2025-07-23,27,S003,Riverside Park,09:20,09:24,4.2
2025-07-24,27,S001,Central Station,15:20,15:18,-1.4
2025-07-31,14,S001,Central Station,06:20,06:25,5.6
2025-06-05,14,S006,Harbor Road,12:20,12:23,3.5
2025-07-03,14,S003,Riverside Park,15:20,15:21,1.5
2025-06-17,27,S002,Market Street,06:20,06:22,2.4
2025-06-06,14,S004,University Gate,09:20,09:25,5.1
2025-06-05,12,S006,Harbor Road,15:20,15:22,2.1
2025-06-25,12,S005,Industrial Estate,09:20,09:18,-1.7
2025-06-14,14,S002,Market Street,06:20,06:25,5.0
2025-06-29,12,S006,Harbor Road,12:20,12:18,-2.0
2025-06-22,14,S002,Market Street,09:20,09:22,2.0
2025-07-14,27,S001,Central Station,09:20,09:18,-1.4
2025-07-08,14,S004,University Gate,06:20,06:27,7.2
2025-06-02,14,S004,University Gate,06:20,06:27,7.7
2025-06-27,12,S001,Central Station,09:20,09:21,1.8
2025-07-28,12,S005,Industrial Estate,09:20,09:19,-0.3
2025-07-08,12,S003,Riverside Park,12:20,12:22,2.0
2025-07-24,14,S003,Riverside Park,12:20,12:24,4.2
2025-06-12,12,S004,University Gate,06:20,06:25,5.4
2025-07-19,12,S005,Industrial Estate,15:20,15:23,3.0
2025-06-20,12,S005,Industrial Estate,12:20,12:22,2.7
2025-07-31,27,S004,University Gate,12:20,12:23,3.5
2025-07-19,14,S004,University Gate,12:20,12:23,3.8
2025-06-02,27,S001,Central Station,12:20,12:19,-0.2
2025-06-16,12,S005,Industrial Estate,12:20,12:27,7.4
2025-06-17,12,S006,Harbor Road,06:20,06:23,3.4
2025-07-28,12,S006,Harbor Road,09:20,09:24,4.6
2025-07-02,12,S003,Riverside Park,12:20,12:25,5.1
2025-06-04,12,S004,University Gate,12:20,12:22,2.7
2025-06-24,14,S003,Riverside Park,06:20,06:22,2.5
2025-06-21,12,S004,University Gate,12:20,12:18,-1.1
2025-06-18,27,S003,Riverside Park,15:20,15:24,4.5
2025-07-18,27,S005,Industrial Estate,12:20,12:19,-0.4
2025-07-11,27,S005,Industrial Estate,09:20,09:20,0.7
2025-06-17,14,S005,Industrial Estate,15:20,15:22,2.9
2025-07-13,14,S003,Riverside Park,12:20,12:23,3.5
2025-06-02,27,S004,University Gate,12:20,12:18,-2.0
2025-06-09,14,S004,University Gate,06:20,06:28,8.7
2025-07-03,27,S002,Market Street,09:20,09:23,3.1
2025-06-28,14,S005,Industrial Estate,12:20,12:22,2.3
2025-06-23,27,S001,Central Station,09:20,09:19,-0.1
2025-06-11,12,S005,Industrial Estate,09:20,09:19,-0.9
2025-07-19,12,S002,Market Street,09:20,09:20,0.5
2025-07-26,12,S003,Riverside Park,12:20,12:25,5.5
2025-07-28,27,S004,University Gate,12:20,12:24,4.3
2025-07-30,27,S001,Central Station,06:20,06:22,2.2
2025-06-18,14,S001,Central Station,09:20,09:26,6.7
2025-06-24,12,S002,Market Street,09:20,09:27,7.4
2025-07-22,14,S005,Industrial Estate,09:20,09:19,-0.5
2025-07-23,12,S005,Industrial Estate,09:20,09:20,0.1
2025-07-05,12,S003,Riverside Park,09:20,09:21,1.9
2025-07-05,14,S005,Industrial Estate,06:20,06:23,3.7
2025-06-21,14,S002,Market Street,06:20,06:24,4.6
2025-06-03,14,S005,Industrial Estate,06:20,06:24,4.4
2025-06-14,12,S006,Harbor Road,12:20,12:23,3.0
2025-06-16,27,S005,Industrial Estate,15:20,,
2025-06-21,12,S003,Riverside Park,09:20,09:29,9.5
2025-06-03,14,S003,Riverside Park,12:20,12:26,6.5
2025-06-21,27,S003,Riverside Park,06:20,06:19,-0.7
2025-07-28,27,S003,Riverside Park,06:20,06:20,0.8
2025-07-02,27,S006,Harbor Road,12:20,12:23,3.3
2025-06-04,27,S006,Harbor Road,12:20,12:28,8.9
2025-07-28,14,S005,Industrial Estate,06:20,06:27,7.2
2025-06-26,14,S004,University Gate,09:20,09:27,7.7
2025-06-12,14,S003,Riverside Park,15:20,15:25,5.7
2025-07-06,14,S003,Riverside Park,09:20,09:26,6.6
2025-07-27,27,S002,Market Street,06:20,06:22,2.1
2025-07-30,14,S004,University Gate,06:20,06:24,4.5
2025-06-04,14,S004,University Gate,09:20,,
2025-07-27,12,S002,Market Street,06:20,06:20,0.4
2025-07-28,14,S004,University Gate,06:20,06:25,5.6
2025-06-23,27,S002,Market Street,15:20,15:21,1.8
2025-06-03,12,S002,Market Street,09:20,09:21,1.1
2025-07-07,27,S003,Riverside Park,12:20,12:19,-1.0
2025-06-23,27,S004,University Gate,06:20,06:18,-1.1
2025-06-17,27,S004,University Gate,15:20,15:23,3.6
2025-07-28,12,S003,Riverside Park,09:20,09:27,7.4
2025-07-18,12,S002,Market Street,15:20,15:24,4.3
2025-07-29,12,S006,Harbor Road,09:20,09:23,3.1
2025-07-05,27,S006,Harbor Road,06:20,06:21,1.3
2025-07-15,12,S005,Industrial Estate,09:20,09:22,2.1
2025-06-17,14,S001,Central Station,15:20,15:19,-0.5
2025-07-15,27,S005,Industrial Estate,12:20,12:22,2.3
2025-07-10,14,S004,University Gate,09:20,09:24,4.3
2025-07-11,12,S004,University Gate,12:20,12:18,-1.9
2025-06-08,14,S003,Riverside Park,15:20,15:28,8.8
2025-07-18,12,S003,Riverside Park,06:20,06:26,6.9
2025-06-27,12,S001,Central Station,15:20,15:24,4.8
2025-07-07,14,S001,Central Station,09:20,09:24,4.1
2025-07-11,27,S003,Riverside Park,15:20,15:27,7.4
2025-06-10,12,S002,Market Street,09:20,09:27,7.4
2025-06-23,12,S004,University Gate,09:20,09:24,4.6
2025-07-17,14,S006,Harbor Road,15:20,15:30,10.7
2025-07-06,14,S005,Industrial Estate,12:20,12:27,7.8
2025-07-26,12,S002,Market Street,06:20,06:24,4.5
2025-07-04,27,S006,Harbor Road,12:20,12:20,0.4
2025-07-01,14,S006,Harbor Road,09:20,09:25,5.3
2025-06-09,27,S003,Riverside Park,09:20,09:22,2.0
2025-07-05,14,S003,Riverside Park,09:20,09:27,7.0
2025-06-06,14,S003,Riverside Park,09:20,09:19,-0.6
2025-06-17,27,S005,Industrial Estate,09:20,09:23,3.9
2025-07-22,14,S005,Industrial Estate,15:20,15:22,2.8
2025-06-25,14,S001,Central Station,12:20,12:23,3.1
2025-06-21,27,S001,Central Station,15:20,15:21,1.4
2025-07-22,12,S004,University Gate,15:20,15:24,4.4
2025-07-25,27,S006,Harbor Road,15:20,15:24,4.3
2025-07-25,12,S003,Riverside Park,15:20,15:26,6.3
2025-07-02,27,S003,Riverside Park,09:20,09:18,-2.0
2025-06-20,12,S003,Riverside Park,12:20,12:20,0.9
2025-06-17,12,S004,University Gate,15:20,15:26,6.3
2025-07-01,27,S006,Harbor Road,09:20,09:22,2.8
2025-07-03,14,S003,Riverside Park,09:20,09:26,6.5
2025-06-18,14,S006,Harbor Road,12:20,12:25,5.4
2025-07-23,14,S003,Riverside Park,15:20,15:30,10.1
2025-06-19,12,S004,University Gate,15:20,15:25,5.9
2025-06-27,12,S005,Industrial Estate,06:20,06:22,2.4
2025-07-25,12,S005,Industrial Estate,09:20,09:24,4.5
2025-06-22,12,S006,Harbor Road,12:20,12:23,3.0
2025-06-30,12,S003,Riverside Park,15:20,15:21,1.5
2025-07-25,12,S006,Harbor Road,09:20,09:23,3.6
2025-07-18,12,S005,Industrial Estate,06:20,06:23,3.7
2025-07-08,27,S004,University Gate,12:20,12:22,2.3
2025-07-17,14,S001,Central Station,15:20,15:25,5.8
2025-06-06,14,S001,Central Station,12:20,12:25,5.5
2025-07-13,14,S005,Industrial Estate,12:20,12:25,5.7
2025-06-29,12,S005,Industrial Estate,06:20,06:23,3.0
2025-06-24,14,S006,Harbor Road,09:20,09:27,7.8
2025-06-09,14,S001,Central Station,15:20,15:28,8.7
2025-06-18,14,S006,Harbor Road,09:20,09:21,1.3
2025-07-19,12,S004,University Gate,15:20,15:26,6.7
2025-06-21,27,S005,Industrial Estate,06:20,06:21,1.1
2025-06-19,27,S004,University Gate,12:20,12:25,5.2
2025-07-31,27,S002,Market Street,12:20,12:24,4.6
2025-06-18,12,S002,Market Street,09:20,09:23,3.2
2025-07-21,14,S004,University Gate,06:20,06:22,2.6
2025-07-30,27,S005,Industrial Estate,09:20,09:20,0.9
2025-06-09,12,S004,University Gate,15:20,15:24,4.4
2025-07-31,12,S004,University Gate,09:20,09:22,2.7
2025-06-06,14,S001,Central Station,09:20,09:25,5.7
2025-07-04,27,S001,Central Station,09:20,09:21,1.3
2025-06-16,12,S004,University Gate,15:20,15:22,2.4
2025-07-24,12,S004,University Gate,12:20,12:23,3.4
2025-07-25,14,S004,University Gate,06:20,06:28,8.0
2025-07-28,14,S004,University Gate,15:20,15:25,5.9
2025-07-19,14,S003,Riverside Park,12:20,12:25,5.6
2025-06-14,27,S005,Industrial Estate,12:20,12:18,-1.2
2025-07-26,27,S002,Market Street,09:20,09:21,1.6
2025-07-18,27,S002,Market Street,09:20,09:20,0.4
2025-06-15,12,S004,University Gate,12:20,12:20,0.4
2025-07-31,12,S006,Harbor Road,09:20,09:20,0.2
2025-06-05,12,S006,Harbor Road,09:20,09:21,1.3
2025-06-26,27,S004,University Gate,06:20,06:20,0.7
2025-06-21,14,S004,University Gate,09:20,09:23,3.8
2025-07-10,12,S004,University Gate,15:20,15:26,6.3
2025-07-20,14,S002,Market Street,15:20,15:22,2.8
2025-06-22,27,S005,Industrial Estate,12:20,12:24,4.0
2025-07-05,12,S001,Central Station,06:20,06:21,1.8
2025-06-26,27,S005,Industrial Estate,09:20,09:19,-0.4
2025-06-08,14,S005,Industrial Estate,09:20,09:24,4.4
2025-07-11,12,S001,Central Station,06:20,06:25,5.1
2025-07-28,14,S006,Harbor Road,09:20,09:25,5.2
2025-06-26,12,S006,Harbor Road,06:20,06:25,5.1
2025-06-26,14,S003,Riverside Park,06:20,06:23,3.6
2025-07-26,14,S003,Riverside Park,09:20,09:23,3.1
2025-06-23,14,S003,Riverside Park,09:20,09:23,3.1
2025-06-24,12,S001,Central Station,09:20,09:23,3.7
2025-06-04,27,S006,Harbor Road,09:20,09:21,1.7
2025-06-29,14,S002,Market Street,12:20,12:24,4.5
2025-07-03,14,S002,Market Street,15:20,15:22,2.9
2025-06-03,12,S001,Central Station,12:20,12:21,1.1
2025-06-23,14,S005,Industrial Estate,09:20,09:25,5.7
2025-07-14,27,S004,University Gate,06:20,06:23,3.7
2025-06-13,12,S003,Riverside Park,15:20,,
2025-07-19,12,S003,Riverside Park,09:20,09:22,2.3
2025-06-05,12,S003,Riverside Park,12:20,12:18,-2.0
2025-07-14,27,S003,Riverside Park,15:20,15:22,2.4
2025-06-14,27,S006,Harbor Road,06:20,06:22,2.1
2025-06-19,12,S005,Industrial Estate,12:20,12:21,1.5
2025-06-29,12,S004,University Gate,06:20,06:24,4.3
2025-07-26,14,S005,Industrial Estate,15:20,15:29,9.0
2025-07-09,14,S001,Central Station,06:20,06:26,6.7
2025-06-14,27,S003,Riverside Park,12:20,12:18,-2.0
2025-06-30,27,S004,University Gate,15:20,15:28,8.3
2025-07-30,12,S003,Riverside Park,09:20,09:22,2.9
2025-06-04,12,S001,Central Station,09:20,09:23,3.3
2025-06-07,27,S005,Industrial Estate,12:20,12:19,-0.1
2025-06-04,14,S001,Central Station,12:20,12:27,7.5
2025-07-09,12,S005,Industrial Estate,12:20,12:25,5.5
2025-07-06,12,S005,Industrial Estate,09:20,09:19,-1.0
2025-06-29,12,S005,Industrial Estate,09:20,09:21,1.7
2025-07-16,14,S005,Industrial Estate,06:20,06:29,9.1
2025-07-09,12,S004,University Gate,09:20,09:27,7.8
2025-06-25,27,S001,Central Station,06:20,06:26,6.5
2025-06-06,12,S001,Central Station,09:20,09:23,3.4
2025-07-14,14,S003,Riverside Park,12:20,12:24,4.3
2025-06-04,12,S001,Central Station,06:20,06:22,2.5
2025-07-19,27,S005,Industrial Estate,15:20,15:20,0.7
2025-07-05,27,S004,University Gate,09:20,09:20,0.3
2025-07-28,14,S001,Central Station,06:20,06:25,5.6
2025-06-15,14,S002,Market Street,09:20,09:24,4.6
2025-07-24,27,S003,Riverside Park,09:20,09:21,1.2
2025-06-20,27,S002,Market Street,12:20,12:18,-1.3
2025-07-03,12,S003,Riverside Park,06:20,06:29,9.7
2025-07-23,14,S003,Riverside Park,06:20,06:24,4.8
2025-07-06,27,S001,Central Station,15:20,15:18,-2.0
2025-06-05,14,S001,Central Station,15:20,15:25,5.2
2025-06-21,12,S001,Central Station,12:20,12:22,2.0
2025-07-30,12,S006,Harbor Road,06:20,06:28,8.2
2025-06-16,27,S004,University Gate,06:20,06:18,-1.2
2025-06-25,27,S006,Harbor Road,12:20,12:18,-2.0
2025-06-21,12,S005,Industrial Estate,06:20,06:24,4.3
2025-07-25,14,S006,Harbor Road,12:20,12:22,2.6
2025-07-29,14,S005,Industrial Estate,12:20,12:28,8.3
2025-06-16,27,S006,Harbor Road,09:20,09:18,-2.0
2025-06-28,27,S003,Riverside Park,09:20,09:22,2.8
2025-07-11,27,S004,University Gate,15:20,15:18,-1.7
2025-07-20,27,S003,Riverside Park,12:20,12:22,2.1
2025-06-05,12,S005,Industrial Estate,06:20,06:20,0.9
2025-07-23,12,S001,Central Station,12:20,12:20,0.1
2025-06-19,27,S002,Market Street,12:20,12:21,1.9
2025-07-25,14,S001,Central Station,12:20,12:23,3.4
2025-07-31,14,S001,Central Station,12:20,12:23,3.0
2025-06-15,27,S002,Market Street,06:20,06:21,1.4
2025-07-23,12,S004,University Gate,09:20,09:24,4.3
2025-07-02,14,S002,Market Street,06:20,06:30,10.8
2025-07-15,12,S004,University Gate,12:20,12:23,3.3
2025-07-11,14,S003,Riverside Park,12:20,12:25,5.6
2025-06-10,27,S006,Harbor Road,12:20,12:23,3.3
2025-06-05,27,S004,University Gate,12:20,12:20,0.5
2025-07-24,14,S006,Harbor Road,09:20,09:21,1.5
2025-07-16,12,S002,Market Street,09:20,09:18,-1.6
2025-07-15,14,S006,Harbor Road,09:20,09:24,4.2
2025-07-07,12,S002,Market Street,12:20,12:20,0.9
2025-07-14,12,S004,University Gate,15:20,15:24,4.9
2025-06-03,12,S006,Harbor Road,06:20,06:24,4.7
2025-07-31,27,S003,Riverside Park,06:20,06:23,3.8
2025-07-02,27,S002,Market Street,12:20,12:22,2.3
2025-06-04,27,S005,Industrial Estate,12:20,12:20,0.6
2025-06-15,12,S003,Riverside Park,06:20,06:22,2.3
2025-07-15,12,S003,Riverside Park,09:20,09:24,4.1
2025-06-08,27,S001,Central Station,15:20,15:24,4.9
2025-07-13,27,S003,Riverside Park,06:20,06:22,2.4
2025-07-21,27,S006,Harbor Road,12:20,12:19,-0.4
2025-07-18,27,S001,Central Station,09:20,09:18,-2.0
2025-06-09,12,S005,Industrial Estate,06:20,06:26,6.3
2025-07-31,12,S004,University Gate,15:20,15:19,-0.8
2025-07-27,12,S006,Harbor Road,15:20,15:20,0.7
2025-06-06,12,S001,Central Station,12:20,12:26,6.8
2025-06-23,14,S002,Market Street,06:20,06:27,7.2
2025-07-26,12,S004,University Gate,06:20,06:20,0.7
2025-06-26,27,S006,Harbor Road,09:20,09:18,-1.2
2025-07-07,14,S006,Harbor Road,12:20,12:25,5.1
2025-07-09,14,S001,Central Station,09:20,09:22,2.6
2025-07-03,27,S003,Riverside Park,06:20,06:21,1.2
2025-07-25,14,S002,Market Street,12:20,12:25,5.2
2025-07-09,14,S002,Market Street,09:20,09:24,4.0
2025-06-30,14,S003,Riverside Park,15:20,15:26,6.6
2025-07-07,14,S004,University Gate,06:20,06:27,7.3
2025-07-21,14,S004,University Gate,12:20,12:26,6.4
2025-06-13,27,S003,Riverside Park,09:20,09:18,-2.0
2025-06-12,27,S003,Riverside Park,12:20,12:19,-0.2
2025-06-30,12,S005,Industrial Estate,06:20,06:20,0.6
2025-07-31,12,S001,Central Station,09:20,09:24,4.8
2025-06-12,14,S004,University Gate,15:20,15:28,8.2
2025-06-21,14,S001,Central Station,15:20,,
2025-06-06,12,S002,Market Street,12:20,12:22,2.3
2025-07-17,12,S001,Central Station,15:20,15:27,7.4
2025-07-22,14,S001,Central Station,15:20,15:24,4.5
2025-06-25,12,S004,University Gate,15:20,15:26,6.2
2025-07-10,12,S005,Industrial Estate,12:20,12:22,2.6
2025-06-02,12,S006,Harbor Road,09:20,09:18,-1.1
2025-07-08,14,S001,Central Station,15:20,15:27,7.8
2025-06-03,27,S005,Industrial Estate,06:20,06:26,6.3
2025-07-27,12,S001,Central Station,09:20,09:22,2.2
2025-06-07,14,S003,Riverside Park,12:20,12:25,5.6
2025-06-03,14,S001,Central Station,15:20,15:25,5.1
2025-07-05,12,S003,Riverside Park,06:20,06:24,4.1
2025-07-09,12,S005,Industrial Estate,15:20,15:27,7.1
2025-06-12,27,S005,Industrial Estate,15:20,15:22,2.3
2025-07-02,12,S002,Market Street,06:20,06:27,7.5
2025-06-26,27,S001,Central Station,09:20,09:22,2.3
2025-06-11,12,S004,University Gate,15:20,15:24,4.0
2025-06-13,14,S003,Riverside Park,06:20,06:28,8.9
2025-06-14,27,S003,Riverside Park,15:20,15:18,-2.0
2025-06-18,12,S005,Industrial Estate,15:20,15:25,5.3
2025-06-26,27,S005,Industrial Estate,06:20,06:18,-2.0
2025-07-17,14,S003,Riverside Park,12:20,12:26,6.0
2025-06-16,14,S001,Central Station,12:20,12:28,8.9
2025-07-19,14,S005,Industrial Estate,06:20,06:23,3.9
2025-07-16,12,S001,Central Station,12:20,12:24,4.1
2025-07-26,12,S006,Harbor Road,15:20,15:23,3.5
2025-07-15,12,S004,University Gate,09:20,09:23,3.8
2025-06-09,14,S005,Industrial Estate,09:20,09:28,8.0
2025-07-23,14,S005,Industrial Estate,06:20,06:29,9.7
2025-06-27,14,S005,Industrial Estate,09:20,09:31,11.8
2025-07-25,12,S002,Market Street,15:20,15:24,4.8
2025-06-20,12,S005,Industrial Estate,15:20,15:25,5.3
2025-07-23,27,S001,Central Station,15:20,15:21,1.7
2025-07-06,12,S003,Riverside Park,06:20,06:24,4.2
2025-07-27,27,S003,Riverside Park,15:20,15:18,-2.0
2025-06-27,12,S003,Riverside Park,06:20,06:18,-1.5
2025-07-25,12,S004,University Gate,09:20,09:22,2.7
2025-07-24,27,S006,Harbor Road,09:20,09:22,2.5
2025-07-31,27,S005,Industrial Estate,12:20,12:20,0.9
2025-06-16,12,S005,Industrial Estate,09:20,09:26,6.8
2025-06-05,14,S004,University Gate,09:20,09:25,5.7
2025-07-15,27,S006,Harbor Road,09:20,09:22,2.8
2025-07-31,12,S003,Riverside Park,06:20,06:21,1.9
2025-06-23,27,S004,University Gate,09:20,09:22,2.2
2025-06-11,27,S005,Industrial Estate,06:20,06:25,5.3
2025-07-23,12,S002,Market Street,15:20,15:26,6.4
2025-07-29,14,S002,Market Street,15:20,15:25,5.3
2025-07-24,27,S003,Riverside Park,12:20,12:18,-1.5
2025-06-20,14,S002,Market Street,09:20,09:23,3.2
2025-07-31,12,S005,Industrial Estate,09:20,09:25,5.6
2025-07-21,12,S003,Riverside Park,15:20,15:28,8.0
2025-06-08,12,S001,Central Station,15:20,15:22,2.9
2025-06-07,14,S003,Riverside Park,15:20,15:25,5.0
2025-06-15,12,S004,University Gate,09:20,09:20,0.5
2025-07-18,14,S002,Market Street,15:20,15:24,4.1
2025-07-16,27,S002,Market Street,15:20,15:18,-1.7
2025-06-04,14,S005,Industrial Estate,06:20,06:24,4.1
2025-06-05,27,S004,University Gate,06:20,06:25,5.0
2025-06-24,27,S006,Harbor Road,09:20,09:18,-1.9
2025-07-17,12,S004,University Gate,06:20,06:25,5.9
2025-07-20,27,S002,Market Street,06:20,06:18,-2.0
2025-07-05,12,S001,Central Station,12:20,12:19,-0.6
2025-07-07,12,S001,Central Station,15:20,15:24,4.7
2025-06-20,14,S002,Market Street,15:20,15:27,7.0
2025-07-25,12,S005,Industrial Estate,15:20,15:22,2.7
2025-06-16,27,S002,Market Street,09:20,09:20,0.5
2025-07-01,27,S005,Industrial Estate,06:20,06:22,2.8
2025-06-30,27,S004,University Gate,06:20,06:22,2.8
2025-07-04,27,S002,Market Street,15:20,15:21,1.4
2025-07-22,27,S003,Riverside Park,06:20,06:22,2.5
2025-06-28,27,S004,University Gate,06:20,06:23,3.7
2025-06-23,14,S002,Market Street,12:20,12:24,4.0
2025-07-07,14,S001,Central Station,15:20,15:24,4.8
2025-07-23,27,S006,Harbor Road,06:20,,
2025-06-24,14,S002,Market Street,09:20,09:21,1.0
2025-07-06,27,S003,Riverside Park,06:20,06:21,1.2
2025-07-22,14,S004,University Gate,09:20,09:25,5.4
2025-07-27,12,S004,University Gate,12:20,12:23,3.8
2025-06-28,12,S003,Riverside Park,12:20,12:24,4.6
2025-07-29,14,S004,University Gate,15:20,15:26,6.2
2025-07-04,12,S001,Central Station,12:20,12:25,5.4
2025-07-12,14,S002,Market Street,15:20,15:19,-0.8
2025-07-24,27,S005,Industrial Estate,12:20,12:19,-0.8
2025-06-11,27,S005,Industrial Estate,12:20,12:20,-0.0
2025-06-05,14,S005,Industrial Estate,09:20,09:25,5.3
2025-07-01,12,S004,University Gate,09:20,09:21,1.6
2025-07-18,27,S002,Market Street,12:20,12:22,2.4
2025-07-01,27,S004,University Gate,12:20,12:18,-1.3
2025-07-22,27,S005,Industrial Estate,15:20,15:19,-0.1
2025-07-27,27,S004,University Gate,06:20,06:22,2.6
2025-07-21,14,S004,University Gate,15:20,15:28,8.2
2025-06-30,14,S003,Riverside Park,12:20,12:30,10.4
2025-07-30,12,S004,University Gate,15:20,15:24,4.4
2025-07-17,12,S001,Central Station,09:20,09:21,1.2
2025-06-02,14,S004,University Gate,09:20,09:21,1.5
2025-06-17,27,S002,Market Street,12:20,12:23,3.2
2025-06-28,12,S002,Market Street,09:20,09:20,0.7
2025-06-28,14,S006,Harbor Road,06:20,06:25,5.9
2025-07-12,12,S003,Riverside Park,15:20,15:22,2.8
2025-07-18,12,S001,Central Station,09:20,09:22,2.3
2025-07-23,12,S006,Harbor Road,06:20,06:21,1.3
2025-06-27,12,S006,Harbor Road,06:20,06:21,1.2
2025-06-03,27,S005,Industrial Estate,15:20,15:21,1.2
2025-06-19,12,S005,Industrial Estate,06:20,06:26,6.8
2025-07-28,27,S005,Industrial Estate,06:20,06:20,0.7
2025-06-02,14,S006,Harbor Road,09:20,09:25,5.4
2025-06-24,12,S003,Riverside Park,15:20,15:23,3.6
2025-07-04,12,S002,Market Street,15:20,15:22,2.2
2025-06-08,27,S004,University Gate,06:20,06:20,0.9
2025-06-28,12,S001,Central Station,06:20,06:21,1.7
2025-07-09,12,S006,Harbor Road,15:20,15:23,3.4
2025-07-25,27,S005,Industrial Estate,06:20,06:23,3.2
2025-07-13,27,S001,Central Station,06:20,06:23,3.9
2025-06-26,12,S004,University Gate,06:20,06:26,6.2
2025-06-25,27,S001,Central Station,15:20,15:20,0.4
2025-07-19,14,S003,Riverside Park,15:20,15:24,4.9
2025-06-08,12,S002,Market Street,15:20,15:24,4.2
2025-06-23,27,S006,Harbor Road,06:20,06:18,-2.0
2025-06-24,12,S005,Industrial Estate,12:20,12:20,0.3
2025-06-17,14,S006,Harbor Road,15:20,15:24,4.0
2025-06-22,27,S005,Industrial Estate,06:20,06:21,1.6
2025-06-30,12,S001,Central Station,15:20,15:26,6.9
2025-07-05,14,S003,Riverside Park,15:20,15:24,4.8
2025-07-11,12,S006,Harbor Road,12:20,12:20,0.0
2025-07-28,27,S006,Harbor Road,15:20,15:29,9.6
2025-07-19,27,S001,Central Station,09:20,09:18,-1.3
2025-06-29,12,S006,Harbor Road,15:20,15:22,2.1
2025-07-12,14,S003,Riverside Park,15:20,15:31,11.9
2025-06-13,14,S002,Market Street,06:20,06:26,6.9
2025-07-07,14,S001,Central Station,06:20,06:27,7.6
2025-07-01,12,S002,Market Street,15:20,15:27,7.9
2025-07-16,14,S001,Central Station,15:20,15:28,8.4
2025-07-12,14,S005,Industrial Estate,09:20,09:24,4.5
2025-07-10,14,S001,Central Station,09:20,09:24,4.2
2025-06-12,14,S004,University Gate,06:20,06:23,3.5
2025-06-03,12,S005,Industrial Estate,06:20,06:24,4.7
2025-06-10,12,S006,Harbor Road,15:20,15:24,4.4
2025-06-26,14,S005,Industrial Estate,12:20,12:25,5.5
2025-06-09,12,S001,Central Station,06:20,06:27,7.5
2025-07-07,12,S002,Market Street,15:20,15:24,4.7
2025-06-26,27,S006,Harbor Road,12:20,12:21,1.2
2025-07-13,27,S003,Riverside Park,15:20,15:23,3.6
2025-07-19,27,S006,Harbor Road,15:20,15:23,3.2
2025-07-03,12,S002,Market Street,15:20,15:26,6.7
2025-06-15,14,S001,Central Station,12:20,12:26,6.1
2025-07-21,27,S004,University Gate,06:20,06:29,9.0
2025-07-25,14,S004,University Gate,09:20,09:22,2.6
2025-07-11,27,S001,Central Station,09:20,09:20,0.6
2025-06-19,12,S002,Market Street,06:20,06:18,-1.4
2025-07-19,12,S002,Market Street,15:20,15:21,1.8
2025-06-05,12,S003,Riverside Park,15:20,15:23,3.9
2025-07-17,14,S004,University Gate,06:20,06:27,7.5
2025-06-27,12,S005,Industrial Estate,09:20,09:25,5.7
2025-06-30,27,S002,Market Street,15:20,15:23,3.4
2025-06-03,14,S002,Market Street,06:20,06:30,10.0
2025-07-11,12,S001,Central Station,09:20,09:20,0.6
2025-07-26,12,S006,Harbor Road,06:20,06:25,5.0
2025-06-13,14,S006,Harbor Road,06:20,06:25,5.2
2025-06-16,12,S002,Market Street,06:20,06:23,3.6
2025-06-07,14,S004,University Gate,06:20,06:22,2.0
2025-07-01,14,S005,Industrial Estate,09:20,09:20,0.5
2025-06-08,27,S004,University Gate,15:20,15:24,4.7
2025-07-15,27,S004,University Gate,06:20,06:23,3.2
2025-07-27,12,S006,Harbor Road,09:20,09:19,-0.2
2025-06-02,12,S001,Central Station,06:20,06:23,3.6
2025-06-05,27,S003,Riverside Park,15:20,15:23,3.4
2025-07-15,27,S002,Market Street,12:20,12:23,3.7
2025-06-13,14,S002,Market Street,12:20,12:22,2.1
2025-07-07,14,S003,Riverside Park,12:20,12:20,0.8
2025-06-29,14,S005,Industrial Estate,12:20,12:22,2.0
2025-06-02,14,S001,Central Station,12:20,12:25,5.4
2025-06-19,27,S001,Central Station,09:20,09:23,3.0
2025-07-08,27,S002,Market Street,06:20,06:20,0.5
2025-07-14,14,S004,University Gate,09:20,09:26,6.5
2025-07-23,12,S003,Riverside Park,09:20,09:24,4.7
2025-06-14,27,S001,Central Station,15:20,15:20,0.0
2025-06-09,27,S002,Market Street,12:20,12:21,1.5
2025-07-11,14,S005,Industrial Estate,12:20,12:28,8.2
2025-07-03,27,S006,Harbor Road,12:20,12:18,-1.2
2025-07-27,27,S006,Harbor Road,09:20,09:23,3.6
2025-07-24,14,S006,Harbor Road,15:20,15:25,5.7
2025-06-13,14,S006,Harbor Road,15:20,15:27,7.3
2025-07-09,14,S003,Riverside Park,12:20,12:23,3.2
2025-07-01,12,S002,Market Street,06:20,06:22,2.2
2025-07-05,12,S005,Industrial Estate,12:20,12:18,-1.3
2025-07-14,12,S006,Harbor Road,06:20,06:25,5.0
2025-06-05,14,S003,Riverside Park,09:20,09:22,2.6
2025-07-25,12,S004,University Gate,15:20,15:26,6.6
2025-07-19,14,S002,Market Street,12:20,12:23,3.3
2025-07-21,14,S003,Riverside Park,09:20,09:21,1.7
2025-07-10,27,S004,University Gate,12:20,12:22,2.7
2025-07-24,12,S005,Industrial Estate,06:20,06:22,2.4
2025-07-05,27,S003,Riverside Park,12:20,,
2025-07-28,27,S002,Market Street,12:20,12:25,5.4
2025-07-12,14,S005,Industrial Estate,15:20,,
2025-06-17,14,S001,Central Station,12:20,12:23,3.3
2025-06-05,12,S003,Riverside Park,06:20,06:27,7.1
2025-06-06,27,S003,Riverside Park,12:20,12:23,3.0
2025-06-05,12,S002,Market Street,12:20,12:18,-1.5
2025-07-27,27,S006,Harbor Road,12:20,12:20,0.8
2025-07-10,14,S004,University Gate,12:20,12:25,5.6
2025-06-28,12,S006,Harbor Road,15:20,15:24,4.6
2025-06-02,14,S001,Central Station,06:20,06:28,8.2
2025-06-24,27,S005,Industrial Estate,12:20,12:19,-0.9
2025-06-09,12,S003,Riverside Park,15:20,15:19,-0.7
2025-06-24,14,S001,Central Station,06:20,06:26,6.8
2025-06-05,12,S001,Central Station,15:20,15:25,5.7
2025-06-18,27,S001,Central Station,09:20,09:19,-0.5
2025-07-04,12,S004,University Gate,06:20,06:20,0.5
2025-07-02,27,S005,Industrial Estate,09:20,09:22,2.3
2025-07-07,12,S006,Harbor Road,15:20,15:24,4.0
2025-06-09,12,S005,Industrial Estate,09:20,09:22,2.5
2025-07-20,12,S005,Industrial Estate,15:20,15:19,-0.3
2025-07-30,27,S004,University Gate,12:20,12:22,2.3
2025-07-05,12,S001,Central Station,09:20,09:20,0.4
2025-07-27,27,S004,University Gate,09:20,09:20,0.8
2025-06-19,12,S004,University Gate,12:20,12:21,1.8
2025-07-06,27,S006,Harbor Road,15:20,15:18,-2.0
2025-07-23,27,S001,Central Station,12:20,12:23,3.3
2025-06-07,12,S001,Central Station,12:20,12:19,-0.9
2025-07-27,27,S004,University Gate,12:20,12:18,-1.8
2025-06-03,14,S004,University Gate,06:20,06:20,0.1
2025-07-03,27,S003,Riverside Park,09:20,09:18,-1.9
2025-07-18,12,S005,Industrial Estate,15:20,15:28,8.3
2025-06-28,12,S005,Industrial Estate,09:20,09:20,0.3
2025-07-10,14,S002,Market Street,06:20,06:29,9.9
2025-07-31,27,S003,Riverside Park,09:20,09:21,1.7
2025-07-24,14,S003,Riverside Park,09:20,09:27,7.2
2025-06-26,12,S006,Harbor Road,15:20,15:27,7.3
2025-06-22,12,S003,Riverside Park,12:20,12:23,3.1
2025-07-22,27,S004,University Gate,15:20,15:19,-1.0
2025-06-22,14,S001,Central Station,06:20,06:26,6.7
2025-06-30,14,S006,Harbor Road,15:20,15:28,8.1
2025-07-13,12,S001,Central Station,06:20,06:21,1.0
2025-07-23,27,S002,Market Street,06:20,06:20,0.5
2025-07-01,27,S006,Harbor Road,06:20,06:18,-1.5
2025-07-16,27,S002,Market Street,09:20,09:23,3.8
2025-06-07,14,S003,Riverside Park,09:20,09:26,6.5
2025-07-21,14,S005,Industrial Estate,09:20,09:24,4.4
2025-07-23,12,S002,Market Street,09:20,09:23,3.9
2025-06-12,14,S002,Market Street,15:20,15:31,11.9
2025-07-10,27,S004,University Gate,15:20,15:22,2.1
2025-07-12,14,S006,Harbor Road,06:20,06:30,10.6
2025-07-07,27,S002,Market Street,09:20,09:21,1.6
2025-07-09,27,S004,University Gate,06:20,06:23,3.8
2025-07-29,12,S003,Riverside Park,12:20,12:24,4.5
2025-06-06,27,S004,University Gate,12:20,12:24,4.1
2025-06-19,14,S001,Central Station,09:20,09:21,1.8
2025-07-10,14,S005,Industrial Estate,06:20,06:26,6.4
2025-07-29,14,S003,Riverside Park,12:20,12:27,7.2
2025-07-03,14,S004,University Gate,12:20,12:21,1.9
2025-07-27,27,S005,Industrial Estate,09:20,09:18,-1.6
2025-06-09,27,S001,Central Station,15:20,15:19,-0.2
2025-07-16,14,S002,Market Street,12:20,12:29,9.3
2025-07-22,27,S001,Central Station,12:20,12:18,-2.0
2025-07-28,12,S001,Central Station,06:20,06:24,4.2
2025-07-04,27,S005,Industrial Estate,06:20,06:18,-2.0
2025-07-18,14,S002,Market Street,12:20,12:25,5.4
2025-07-20,12,S004,University Gate,09:20,09:21,1.9
2025-07-25,14,S004,University Gate,15:20,15:27,7.7
2025-06-11,27,S004,University Gate,09:20,09:22,2.3
2025-06-19,27,S001,Central Station,06:20,06:23,3.8
2025-07-21,14,S003,Riverside Park,06:20,06:27,7.7
2025-07-29,14,S001,Central Station,15:20,15:22,2.8
2025-06-16,27,S004,University Gate,12:20,12:18,-1.7
2025-06-07,14,S005,Industrial Estate,09:20,09:24,4.1
2025-06-24,27,S001,Central Station,12:20,12:22,2.3
2025-07-12,12,S003,Riverside Park,09:20,09:18,-2.0
2025-06-23,27,S006,Harbor Road,12:20,12:22,2.2
2025-07-08,12,S005,Industrial Estate,09:20,09:19,-0.2
2025-06-16,12,S003,Riverside Park,12:20,12:26,6.4
2025-07-21,27,S005,Industrial Estate,12:20,12:21,1.0
2025-07-23,27,S003,Riverside Park,06:20,06:19,-0.7
2025-07-26,27,S005,Industrial Estate,09:20,09:19,-0.5
2025-07-24,27,S001,Central Station,12:20,12:22,2.1
2025-07-24,14,S004,University Gate,06:20,06:26,6.3
2025-06-06,14,S005,Industrial Estate,12:20,12:25,5.2
2025-07-05,12,S006,Harbor Road,09:20,09:20,0.3
2025-06-26,14,S005,Industrial Estate,09:20,09:26,6.5
2025-06-13,12,S004,University Gate,09:20,09:22,2.6
2025-07-24,12,S004,University Gate,09:20,09:22,2.9
2025-06-17,14,S002,Market Street,06:20,06:24,4.1
2025-06-06,27,S005,Industrial Estate,06:20,06:23,3.6
2025-06-10,27,S003,Riverside Park,15:20,15:24,4.2
2025-07-03,27,S005,Industrial Estate,06:20,06:24,4.4
2025-07-12,12,S006,Harbor Road,09:20,09:19,-0.7
2025-07-23,14,S003,Riverside Park,09:20,09:26,6.6
2025-06-21,27,S005,Industrial Estate,12:20,12:20,0.5
2025-07-13,27,S002,Market Street,12:20,12:19,-0.6
2025-06-16,12,S006,Harbor Road,09:20,09:23,3.5
2025-07-11,27,S005,Industrial Estate,12:20,12:19,-1.0
2025-06-02,12,S001,Central Station,12:20,12:22,2.2
2025-07-12,27,S001,Central Station,12:20,12:21,1.2
2025-06-26,14,S003,Riverside Park,12:20,12:23,3.2
2025-07-29,12,S004,University Gate,12:20,12:21,1.2
2025-06-19,14,S002,Market Street,06:20,06:21,1.8
2025-07-10,27,S006,Harbor Road,12:20,12:20,0.8
2025-07-11,27,S004,University Gate,06:20,06:19,-1.0
2025-06-09,12,S001,Central Station,09:20,09:23,3.1
2025-07-05,27,S002,Market Street,09:20,09:18,-2.0
2025-06-18,12,S002,Market Street,15:20,15:22,2.8
2025-07-15,12,S006,Harbor Road,09:20,09:20,0.3
2025-06-04,12,S006,Harbor Road,15:20,15:27,7.7
2025-07-12,27,S006,Harbor Road,09:20,09:19,-0.9
2025-07-19,12,S003,Riverside Park,12:20,12:22,2.0
2025-07-27,27,S006,Harbor Road,15:20,15:18,-1.7
2025-07-22,14,S006,Harbor Road,15:20,15:24,4.0
2025-06-18,14,S002,Market Street,06:20,,
2025-06-29,27,S001,Central Station,12:20,12:19,-0.3
2025-06-19,12,S005,Industrial Estate,15:20,15:26,6.5
2025-07-20,12,S004,University Gate,15:20,15:25,5.2
2025-07-03,27,S002,Market Street,12:20,12:18,-1.6
2025-07-19,27,S003,Riverside Park,15:20,15:21,1.0
2025-06-18,14,S003,Riverside Park,12:20,12:28,8.9
2025-07-20,14,S001,Central Station,12:20,12:26,6.5
2025-07-25,12,S002,Market Street,12:20,12:19,-0.6
2025-06-28,14,S004,University Gate,12:20,12:20,0.2
2025-06-10,14,S001,Central Station,12:20,12:20,0.3
2025-07-24,12,S001,Central Station,15:20,15:23,3.1
2025-07-25,14,S002,Market Street,15:20,15:30,10.0
2025-07-12,14,S005,Industrial Estate,12:20,12:24,4.1
2025-06-18,14,S002,Market Street,09:20,09:20,0.6
2025-06-21,27,S002,Market Street,09:20,09:19,-0.5
2025-07-04,12,S005,Industrial Estate,09:20,09:20,0.5
2025-06-27,27,S004,University Gate,15:20,15:24,4.4
2025-07-11,27,S006,Harbor Road,09:20,09:21,1.5
2025-06-08,27,S006,Harbor Road,15:20,15:23,3.5
2025-07-16,14,S004,University Gate,06:20,06:30,10.3
2025-06-21,14,S004,University Gate,12:20,12:26,6.3
2025-07-01,14,S005,Industrial Estate,12:20,12:25,5.5
2025-07-17,27,S002,Market Street,06:20,06:27,7.2
2025-06-04,14,S001,Central Station,06:20,06:26,6.3
2025-06-12,27,S004,University Gate,06:20,06:23,3.9
2025-07-25,27,S002,Market Street,06:20,06:21,1.9
2025-06-17,27,S001,Central Station,15:20,15:20,0.4
2025-06-25,27,S002,Market Street,09:20,09:25,5.0
2025-07-05,14,S004,University Gate,09:20,09:25,5.4
2025-06-24,12,S005,Industrial Estate,09:20,09:22,2.0
2025-06-20,27,S004,University Gate,06:20,06:22,2.5
2025-06-21,27,S004,University Gate,06:20,06:21,1.5
2025-06-17,12,S002,Market Street,12:20,12:19,-0.8
2025-06-11,27,S006,Harbor Road,06:20,06:25,5.1
2025-07-28,14,S002,Market Street,15:20,15:27,7.5
2025-07-15,27,S006,Harbor Road,06:20,06:23,3.7
2025-07-19,27,S003,Riverside Park,12:20,12:21,1.9
2025-07-07,14,S006,Harbor Road,15:20,15:29,9.7
2025-07-22,12,S001,Central Station,09:20,09:21,1.3
2025-06-08,12,S003,Riverside Park,12:20,12:18,-2.0
2025-07-08,14,S001,Central Station,06:20,06:26,6.0
2025-07-30,14,S004,University Gate,09:20,09:23,3.2
2025-07-17,27,S006,Harbor Road,12:20,12:19,-0.1
2025-07-23,27,S004,University Gate,15:20,15:22,2.0
2025-06-13,27,S002,Market Street,09:20,09:18,-2.0
2025-06-22,14,S003,Riverside Park,06:20,06:19,-0.7
2025-07-16,14,S005,Industrial Estate,09:20,09:22,2.6
2025-07-04,27,S004,University Gate,09:20,09:20,0.8
2025-06-15,27,S005,Industrial Estate,06:20,06:24,4.6
2025-06-03,27,S002,Market Street,12:20,12:26,6.7
2025-07-31,12,S003,Riverside Park,09:20,09:25,5.0
2025-06-22,12,S006,Harbor Road,15:20,15:21,1.3
2025-07-11,12,S005,Industrial Estate,06:20,06:24,4.2
2025-07-19,27,S002,Market Street,06:20,06:18,-2.0
2025-07-29,14,S004,University Gate,12:20,12:25,5.7
2025-07-20,14,S003,Riverside Park,06:20,06:26,6.7
2025-06-10,14,S002,Market Street,09:20,09:21,1.1
2025-06-03,12,S004,University Gate,06:20,06:22,2.6
2025-07-08,14,S002,Market Street,06:20,06:28,8.8
2025-07-01,14,S004,University Gate,15:20,15:26,6.5
2025-07-13,27,S003,Riverside Park,09:20,09:19,-0.3
2025-06-08,14,S002,Market Street,09:20,09:24,4.5
2025-06-29,14,S004,University Gate,15:20,15:22,2.8
2025-07-17,27,S001,Central Station,06:20,06:18,-2.0
2025-07-09,27,S002,Market Street,15:20,15:24,4.5
2025-07-16,27,S004,University Gate,15:20,15:19,-0.2
2025-07-18,12,S005,Industrial Estate,09:20,09:22,2.8
2025-06-19,12,S003,Riverside Park,09:20,09:19,-1.0
2025-06-22,12,S002,Market Street,06:20,06:19,-0.1
2025-06-02,27,S002,Market Street,15:20,15:19,-0.2
2025-07-20,12,S006,Harbor Road,09:20,09:18,-1.2
2025-06-22,27,S002,Market Street,06:20,06:23,3.5
2025-06-16,14,S002,Market Street,12:20,12:24,4.9
2025-07-17,14,S002,Market Street,09:20,09:20,0.2
2025-07-29,27,S005,Industrial Estate,12:20,12:22,2.2
2025-06-16,14,S006,Harbor Road,12:20,12:25,5.4
2025-07-03,12,S001,Central Station,15:20,15:26,6.2
2025-07-29,14,S005,Industrial Estate,06:20,06:29,9.2
2025-07-30,12,S006,Harbor Road,15:20,15:24,4.4
2025-07-12,27,S004,University Gate,06:20,06:23,3.8
2025-07-25,27,S005,Industrial Estate,09:20,09:25,5.2
2025-06-19,12,S006,Harbor Road,15:20,15:26,6.3
2025-06-07,27,S001,Central Station,09:20,09:18,-1.7
2025-06-07,14,S001,Central Station,06:20,06:23,3.3
2025-06-10,14,S001,Central Station,06:20,06:29,9.4
2025-07-15,27,S005,Industrial Estate,15:20,15:19,-0.2
2025-06-30,14,S006,Harbor Road,06:20,06:21,1.9
2025-07-01,27,S004,University Gate,15:20,15:24,4.7
2025-06-14,27,S006,Harbor Road,15:20,15:19,-0.1
2025-07-23,12,S002,Market Street,12:20,12:24,4.8
2025-07-10,27,S001,Central Station,09:20,09:18,-2.0
2025-07-16,12,S001,Central Station,09:20,09:18,-1.6
2025-06-02,27,S006,Harbor Road,15:20,,
2025-06-04,14,S005,Industrial Estate,09:20,09:25,5.8
2025-06-08,12,S005,Industrial Estate,06:20,06:24,4.5
2025-06-28,27,S004,University Gate,15:20,15:24,4.6
2025-06-16,12,S002,Market Street,09:20,09:22,2.2
2025-06-29,27,S003,Riverside Park,06:20,06:23,3.8
2025-06-02,12,S002,Market Street,06:20,06:23,3.7
2025-07-05,12,S004,University Gate,06:20,06:21,1.7
2025-06-28,27,S006,Harbor Road,06:20,06:18,-2.0
2025-07-15,27,S003,Riverside Park,09:20,09:19,-0.8
2025-07-27,27,S001,Central Station,15:20,15:22,2.3
2025-07-27,12,S005,Industrial Estate,12:20,12:22,2.2
2025-07-10,14,S006,Harbor Road,12:20,12:24,4.3
2025-06-11,27,S001,Central Station,15:20,15:23,3.9
2025-07-27,14,S001,Central Station,09:20,09:24,4.5
2025-07-13,14,S002,Market Street,09:20,09:25,5.6
2025-06-12,12,S002,Market Street,15:20,15:22,2.3
2025-07-30,27,S005,Industrial Estate,15:20,15:22,2.1
2025-06-21,12,S001,Central Station,06:20,06:18,-2.0
2025-06-26,14,S001,Central Station,06:20,06:23,3.9
2025-06-28,27,S006,Harbor Road,15:20,15:18,-2.0
2025-07-09,27,S005,Industrial Estate,06:20,06:23,3.4
2025-06-02,27,S002,Market Street,06:20,06:21,1.9
2025-07-28,27,S002,Market Street,06:20,06:21,1.7
2025-06-27,27,S005,Industrial Estate,06:20,06:23,3.0
2025-06-20,27,S005,Industrial Estate,06:20,06:26,6.4
2025-07-30,14,S005,Industrial Estate,15:20,15:28,8.2
2025-06-11,14,S003,Riverside Park,12:20,12:25,5.0
2025-07-14,14,S005,Industrial Estate,12:20,12:22,2.8
2025-07-24,27,S002,Market Street,12:20,12:18,-2.0
2025-06-19,27,S005,Industrial Estate,12:20,12:22,2.5
2025-07-18,12,S003,Riverside Park,12:20,12:20,0.8
2025-07-31,14,S002,Market Street,09:20,09:23,3.5
2025-07-13,27,S004,University Gate,06:20,06:21,1.1
2025-06-19,14,S001,Central Station,12:20,12:21,1.7
2025-06-29,12,S003,Riverside Park,06:20,06:21,1.4
2025-07-07,14,S002,Market Street,06:20,06:25,5.1
2025-07-19,27,S002,Market Street,12:20,12:23,3.8
2025-06-12,14,S004,University Gate,12:20,12:25,5.4
2025-06-07,14,S001,Central Station,12:20,,
2025-06-02,12,S004,University Gate,06:20,06:25,5.6
2025-07-11,14,S004,University Gate,06:20,06:28,8.7
2025-07-16,12,S003,Riverside Park,15:20,15:28,8.6
2025-06-18,14,S001,Central Station,15:20,15:23,3.2
2025-07-22,27,S002,Market Street,15:20,15:22,2.4
2025-06-21,27,S002,Market Street,15:20,15:21,1.3
2025-07-29,14,S004,University Gate,06:20,06:22,2.8
2025-07-14,27,S005,Industrial Estate,12:20,12:27,7.7
2025-07-29,27,S003,Riverside Park,09:20,09:21,1.3
2025-06-30,12,S004,University Gate,06:20,06:22,2.7
2025-06-17,12,S005,Industrial Estate,12:20,12:19,-0.2
2025-07-11,14,S001,Central Station,09:20,09:21,1.9
2025-07-16,27,S002,Market Street,06:20,06:22,2.5
2025-06-07,27,S002,Market Street,12:20,12:20,0.2
2025-07-16,14,S001,Central Station,06:20,06:26,6.0
2025-07-18,14,S004,University Gate,06:20,06:32,12.3
2025-07-30,12,S001,Central Station,06:20,06:28,8.4
2025-07-30,14,S003,Riverside Park,06:20,06:27,7.7
2025-07-14,12,S002,Market Street,12:20,12:22,2.3
2025-06-17,27,S001,Central Station,06:20,06:22,2.3
2025-07-25,12,S003,Riverside Park,12:20,12:25,5.8
2025-07-02,12,S005,Industrial Estate,15:20,15:21,1.5
2025-06-05,27,S002,Market Street,09:20,09:20,0.7
2025-06-15,14,S005,Industrial Estate,09:20,09:28,8.2
2025-06-17,12,S003,Riverside Park,12:20,12:23,3.3
2025-07-04,27,S002,Market Street,06:20,06:21,1.6
2025-06-04,12,S001,Central Station,12:20,12:18,-1.4
2025-07-12,12,S005,Industrial Estate,09:20,09:24,4.4
2025-06-08,14,S004,University Gate,15:20,15:26,6.7
2025-06-14,14,S003,Riverside Park,15:20,15:23,3.6
2025-07-26,12,S002,Market Street,12:20,12:20,0.0
2025-06-16,12,S003,Riverside Park,15:20,15:25,5.8
2025-07-15,12,S004,University Gate,06:20,06:19,-0.9
2025-06-04,27,S004,University Gate,06:20,06:20,0.8
2025-07-10,27,S002,Market Street,12:20,12:22,2.3
2025-06-08,12,S004,University Gate,15:20,15:20,0.1
2025-07-19,27,S006,Harbor Road,12:20,12:18,-2.0
2025-07-01,14,S004,University Gate,06:20,06:24,4.9
2025-06-30,12,S002,Market Street,09:20,09:23,3.3
2025-07-06,14,S005,Industrial Estate,06:20,06:24,4.5
2025-07-02,12,S003,Riverside Park,09:20,09:25,5.1
2025-06-17,27,S001,Central Station,12:20,12:20,0.4
2025-07-05,27,S003,Riverside Park,09:20,09:18,-2.0
2025-06-12,12,S001,Central Station,15:20,15:21,1.2
2025-07-14,27,S001,Central Station,12:20,12:18,-2.0
2025-06-12,27,S002,Market Street,15:20,15:22,2.1
2025-06-18,27,S002,Market Street,06:20,06:20,0.8
2025-06-13,12,S001,Central Station,12:20,12:21,1.8
2025-06-26,12,S001,Central Station,12:20,12:20,0.1
2025-07-18,12,S004,University Gate,09:20,09:22,2.0
2025-07-30,27,S002,Market Street,12:20,12:20,0.8
2025-06-04,27,S003,Riverside Park,09:20,09:19,-0.1
2025-06-07,14,S005,Industrial Estate,06:20,,
2025-06-23,12,S001,Central Station,12:20,12:19,-0.4
2025-06-17,14,S004,University Gate,06:20,06:23,3.1
2025-07-30,27,S002,Market Street,15:20,15:24,4.3
2025-06-05,12,S001,Central Station,09:20,09:21,1.1
2025-06-20,27,S006,Harbor Road,12:20,12:22,2.2
2025-06-30,27,S005,Industrial Estate,06:20,06:20,0.2
2025-07-24,14,S003,Riverside Park,06:20,06:29,9.5
2025-07-20,14,S005,Industrial Estate,06:20,06:25,5.7
2025-07-22,27,S002,Market Street,09:20,09:20,0.7
2025-07-21,12,S004,University Gate,12:20,12:18,-1.4
2025-06-14,12,S002,Market Street,06:20,06:24,4.9
2025-06-26,14,S004,University Gate,15:20,15:32,12.6
2025-06-22,12,S003,Riverside Park,15:20,15:23,3.5
2025-06-06,27,S003,Riverside Park,06:20,06:20,0.1
2025-07-03,12,S006,Harbor Road,12:20,12:22,2.6
2025-07-18,14,S005,Industrial Estate,06:20,06:25,5.0
2025-06-17,12,S002,Market Street,15:20,15:25,5.6
2025-06-22,12,S001,Central Station,09:20,09:25,5.4
2025-07-14,27,S005,Industrial Estate,15:20,15:21,1.8
2025-07-29,12,S004,University Gate,09:20,09:22,2.0
2025-07-09,14,S006,Harbor Road,15:20,15:30,10.7
2025-07-29,27,S006,Harbor Road,09:20,09:22,2.8
2025-06-03,14,S006,Harbor Road,09:20,09:27,7.9
2025-06-17,12,S004,University Gate,06:20,06:24,4.5
2025-06-12,14,S006,Harbor Road,12:20,12:20,0.9
2025-07-13,27,S002,Market Street,06:20,06:25,5.8
2025-07-19,27,S005,Industrial Estate,12:20,12:19,-0.3
2025-07-13,14,S004,University Gate,15:20,15:25,5.0
2025-07-28,12,S003,Riverside Park,12:20,12:20,0.4
2025-07-17,14,S006,Harbor Road,12:20,12:23,3.2
2025-06-28,12,S005,Industrial Estate,06:20,06:21,1.7
2025-06-10,14,S001,Central Station,15:20,15:26,6.3
2025-06-07,27,S003,Riverside Park,12:20,12:20,0.6
2025-07-08,27,S004,University Gate,15:20,15:26,6.8
2025-07-04,27,S004,University Gate,06:20,06:24,4.4
2025-07-31,27,S006,Harbor Road,12:20,12:20,0.3
2025-07-11,12,S001,Central Station,12:20,12:24,4.1
2025-06-11,14,S001,Central Station,06:20,06:28,8.1
2025-07-31,27,S003,Riverside Park,12:20,12:21,1.7
2025-07-15,12,S005,Industrial Estate,12:20,12:21,1.3
2025-06-05,27,S005,Industrial Estate,09:20,09:19,-0.7
2025-07-21,14,S002,Market Street,09:20,09:23,3.3
2025-07-14,14,S003,Riverside Park,09:20,09:26,6.5
2025-06-13,14,S004,University Gate,15:20,15:24,4.1
2025-07-01,12,S004,University Gate,15:20,15:24,4.2
2025-07-20,12,S001,Central Station,12:20,12:22,2.5
2025-06-27,27,S002,Market Street,09:20,09:24,4.8
2025-07-15,14,S001,Central Station,12:20,12:23,3.8
2025-07-28,27,S005,Industrial Estate,15:20,15:23,3.1
2025-07-26,14,S001,Central Station,15:20,15:28,8.5
2025-06-09,14,S002,Market Street,06:20,06:24,4.4
2025-06-08,12,S001,Central Station,06:20,06:25,5.8
2025-06-30,27,S001,Central Station,12:20,12:18,-1.9
2025-06-10,27,S002,Market Street,12:20,12:24,4.0
2025-07-09,12,S006,Harbor Road,06:20,06:23,3.4
2025-06-27,27,S003,Riverside Park,15:20,15:18,-1.7
2025-07-12,12,S006,Harbor Road,12:20,12:24,4.1
2025-06-19,27,S002,Market Street,09:20,09:23,3.9
2025-06-19,27,S003,Riverside Park,15:20,15:20,0.7
2025-07-01,12,S005,Industrial Estate,09:20,09:18,-2.0
2025-07-13,14,S005,Industrial Estate,06:20,06:24,4.3
2025-07-05,14,S005,Industrial Estate,12:20,12:26,6.7
2025-06-13,27,S004,University Gate,12:20,12:28,8.6
2025-06-21,14,S001,Central Station,12:20,12:25,5.1
2025-06-07,27,S006,Harbor Road,06:20,06:21,1.5
2025-07-29,27,S004,University Gate,15:20,15:20,0.9
2025-06-12,27,S001,Central Station,09:20,09:25,5.6
2025-06-23,27,S005,Industrial Estate,09:20,09:18,-2.0
2025-06-28,14,S006,Harbor Road,09:20,09:26,6.7
2025-07-16,27,S003,Riverside Park,15:20,15:22,2.2
2025-07-10,12,S003,Riverside Park,12:20,12:22,2.6
2025-06-02,27,S002,Market Street,09:20,09:26,6.8
2025-07-22,14,S005,Industrial Estate,12:20,12:24,4.3
2025-06-05,14,S002,Market Street,12:20,12:24,4.7
2025-06-30,12,S003,Riverside Park,09:20,09:18,-2.0
2025-07-13,27,S004,University Gate,15:20,15:20,0.8
2025-06-06,14,S002,Market Street,15:20,15:30,10.8
2025-07-31,12,S002,Market Street,09:20,09:23,3.0
2025-07-18,12,S002,Market Street,09:20,09:26,6.2
2025-07-08,27,S003,Riverside Park,12:20,12:19,-0.5
2025-07-17,12,S004,University Gate,12:20,12:20,0.3
2025-06-15,27,S003,Riverside Park,06:20,06:18,-1.1
2025-07-28,12,S004,University Gate,15:20,15:21,1.4
2025-07-16,12,S001,Central Station,06:20,06:27,7.1
2025-07-30,12,S006,Harbor Road,09:20,09:24,4.0
2025-07-26,27,S001,Central Station,12:20,12:23,3.2
2025-07-31,12,S004,University Gate,12:20,12:26,6.8
2025-07-13,27,S004,University Gate,12:20,12:20,0.9
2025-07-16,14,S005,Industrial Estate,15:20,15:25,5.8
2025-06-14,27,S004,University Gate,09:20,,
2025-06-29,14,S003,Riverside Park,09:20,09:18,-1.7
2025-06-20,12,S006,Harbor Road,12:20,12:26,6.0
2025-06-17,27,S006,Harbor Road,09:20,09:21,1.4
2025-06-29,27,S004,University Gate,15:20,15:18,-2.0
2025-07-09,14,S006,Harbor Road,06:20,06:23,3.6
2025-06-29,12,S004,University Gate,09:20,09:24,4.3
2025-07-04,27,S004,University Gate,15:20,15:23,3.8
2025-06-15,27,S001,Central Station,09:20,09:18,-2.0
2025-07-02,12,S001,Central Station,09:20,09:24,4.2
2025-07-17,12,S001,Central Station,06:20,06:25,5.6
2025-06-08,27,S006,Harbor Road,09:20,09:19,-0.4
2025-07-10,12,S001,Central Station,09:20,09:25,5.6
2025-06-27,14,S002,Market Street,12:20,12:22,2.2
2025-07-08,12,S005,Industrial Estate,06:20,06:20,0.6
2025-07-23,14,S001,Central Station,15:20,15:25,5.9
2025-07-05,12,S005,Industrial Estate,06:20,06:19,-0.5
2025-06-10,14,S002,Market Street,12:20,12:20,0.1
2025-06-20,12,S003,Riverside Park,15:20,15:21,1.9
2025-07-27,27,S005,Industrial Estate,15:20,15:19,-0.3
2025-06-08,27,S003,Riverside Park,15:20,15:23,3.2
2025-07-31,14,S002,Market Street,06:20,06:25,5.1
2025-07-05,12,S004,University Gate,09:20,09:24,4.0
2025-07-27,27,S002,Market Street,15:20,15:19,-0.9
2025-07-14,12,S002,Market Street,09:20,09:18,-1.5
2025-07-27,12,S003,Riverside Park,15:20,15:24,4.4
2025-07-22,12,S003,Riverside Park,06:20,06:26,6.9
2025-06-23,14,S005,Industrial Estate,12:20,12:27,7.3
2025-07-06,27,S004,University Gate,09:20,09:19,-0.8
2025-07-11,12,S003,Riverside Park,09:20,09:22,2.5
2025-06-20,27,S002,Market Street,06:20,06:20,0.5
2025-06-17,12,S001,Central Station,06:20,06:22,2.3
2025-07-24,12,S006,Harbor Road,09:20,09:20,0.6
2025-06-19,12,S006,Harbor Road,12:20,12:26,6.9
2025-07-25,14,S003,Riverside Park,15:20,15:29,9.0
2025-06-08,12,S006,Harbor Road,09:20,09:21,1.8
2025-06-04,14,S003,Riverside Park,06:20,06:28,8.2
2025-06-16,27,S002,Market Street,15:20,15:24,4.2
2025-06-04,27,S006,Harbor Road,15:20,15:20,0.3
2025-07-20,14,S001,Central Station,09:20,09:22,2.9
2025-07-17,12,S001,Central Station,12:20,12:25,5.0
2025-07-30,27,S002,Market Street,09:20,09:22,2.1
2025-06-22,27,S006,Harbor Road,12:20,12:18,-2.0
2025-07-13,12,S004,University Gate,09:20,09:26,6.6
2025-07-20,27,S001,Central Station,12:20,12:18,-2.0
2025-06-07,12,S001,Central Station,06:20,06:22,2.7
2025-06-11,27,S001,Central Station,09:20,09:18,-2.0
2025-07-29,12,S001,Central Station,12:20,12:19,-0.1
2025-07-31,14,S002,Market Street,15:20,15:29,9.9
2025-07-13,12,S004,University Gate,12:20,12:22,2.1
2025-07-11,12,S003,Riverside Park,06:20,06:24,4.6
2025-06-20,14,S001,Central Station,12:20,12:26,6.7
2025-06-07,27,S006,Harbor Road,12:20,12:22,2.1
2025-07-30,14,S001,Central Station,15:20,15:24,4.6
2025-06-02,14,S005,Industrial Estate,12:20,12:24,4.8
2025-06-04,27,S001,Central Station,15:20,15:24,4.2
2025-07-19,14,S001,Central Station,06:20,06:29,9.0
2025-06-03,14,S006,Harbor Road,15:20,15:25,5.1
2025-06-07,27,S004,University Gate,06:20,06:18,-1.5
2025-07-18,12,S005,Industrial Estate,12:20,12:20,0.4
2025-07-15,27,S006,Harbor Road,15:20,15:22,2.4
2025-06-08,27,S005,Industrial Estate,09:20,09:20,0.8
2025-07-08,14,S003,Riverside Park,09:20,09:22,2.8
2025-06-30,12,S002,Market Street,06:20,06:19,-0.8
2025-07-22,14,S004,University Gate,06:20,06:30,10.5
2025-07-20,27,S003,Riverside Park,15:20,15:23,3.0
2025-06-18,27,S006,Harbor Road,12:20,12:20,0.1
2025-07-28,12,S001,Central Station,15:20,15:20,0.9
2025-06-04,27,S001,Central Station,06:20,06:22,2.5
2025-07-06,27,S004,University Gate,06:20,06:22,2.3
2025-06-30,12,S002,Market Street,12:20,12:21,1.3
2025-07-26,12,S004,University Gate,12:20,12:22,2.1
2025-07-03,14,S006,Harbor Road,15:20,15:26,6.2
2025-06-06,14,S004,University Gate,12:20,12:21,1.6
2025-06-24,27,S002,Market Street,15:20,15:25,5.0
2025-06-21,27,S001,Central Station,06:20,06:21,1.0
2025-07-22,14,S006,Harbor Road,12:20,12:25,5.1
2025-06-17,14,S006,Harbor Road,09:20,09:24,4.0
2025-06-19,12,S003,Riverside Park,06:20,06:20,0.5
2025-07-13,12,S003,Riverside Park,12:20,12:27,7.3
2025-06-25,14,S006,Harbor Road,06:20,06:23,3.6
2025-06-07,14,S002,Market Street,09:20,09:22,2.1
2025-07-22,14,S003,Riverside Park,06:20,06:28,8.0
2025-06-05,27,S006,Harbor Road,06:20,06:18,-2.0
2025-07-29,27,S001,Central Station,06:20,06:27,7.2
2025-07-19,14,S003,Riverside Park,06:20,06:24,4.9
2025-07-27,12,S002,Market Street,09:20,09:19,-0.4
2025-06-04,12,S005,Industrial Estate,06:20,06:27,7.2
2025-07-27,12,S004,University Gate,06:20,06:28,8.0
2025-07-02,14,S001,Central Station,09:20,09:27,7.9
2025-06-04,12,S002,Market Street,15:20,15:23,3.9
2025-06-24,27,S005,Industrial Estate,09:20,09:22,2.9
2025-06-09,14,S003,Riverside Park,06:20,06:27,7.7
2025-06-18,12,S004,University Gate,06:20,06:23,3.6
2025-06-28,12,S005,Industrial Estate,15:20,15:24,4.1
2025-06-02,12,S005,Industrial Estate,15:20,15:23,3.7
2025-07-04,27,S002,Market Street,12:20,12:21,1.5
2025-07-08,14,S006,Harbor Road,06:20,06:26,6.1
2025-06-03,12,S001,Central Station,09:20,09:21,1.0
2025-07-25,27,S005,Industrial Estate,12:20,12:20,0.8
2025-06-03,12,S004,University Gate,15:20,15:24,4.0
2025-07-04,27,S003,Riverside Park,06:20,06:24,4.6
2025-06-15,14,S003,Riverside Park,06:20,06:19,-0.1
2025-07-16,12,S002,Market Street,06:20,06:26,6.4
2025-07-05,14,S006,Harbor Road,09:20,09:23,3.6
2025-06-20,14,S005,Industrial Estate,12:20,12:24,4.5
2025-07-06,12,S004,University Gate,15:20,15:23,3.7
2025-06-11,27,S002,Market Street,06:20,,
2025-06-27,27,S002,Market Street,12:20,12:21,1.8
2025-06-09,12,S002,Market Street,06:20,06:26,6.3
2025-06-08,27,S003,Riverside Park,06:20,06:18,-1.8
2025-06-25,27,S006,Harbor Road,09:20,09:18,-2.0
2025-07-30,12,S005,Industrial Estate,15:20,15:27,7.2
2025-06-04,14,S006,Harbor Road,15:20,15:27,7.0
2025-06-30,14,S001,Central Station,12:20,12:26,6.1
2025-06-30,12,S002,Market Street,15:20,15:27,7.7
2025-06-04,27,S003,Riverside Park,15:20,15:21,1.3
2025-06-13,12,S004,University Gate,15:20,15:23,3.4
2025-06-13,12,S005,Industrial Estate,15:20,15:24,4.6
2025-07-22,14,S002,Market Street,06:20,06:26,6.0
2025-06-20,12,S002,Market Street,09:20,09:19,-0.9
2025-06-26,27,S002,Market Street,12:20,12:25,5.3
2025-07-15,12,S001,Central Station,09:20,09:25,5.9
2025-07-23,14,S002,Market Street,06:20,06:24,4.9
2025-07-28,14,S003,Riverside Park,06:20,06:24,4.2
2025-07-08,27,S002,Market Street,15:20,15:24,4.5
2025-07-04,14,S006,Harbor Road,12:20,12:22,2.9
2025-06-06,12,S005,Industrial Estate,12:20,12:20,0.6
2025-07-10,12,S004,University Gate,09:20,09:22,2.6
2025-07-06,14,S005,Industrial Estate,09:20,09:22,2.5
2025-07-12,27,S002,Market Street,09:20,09:20,0.5
2025-06-17,27,S003,Riverside Park,12:20,12:20,0.6
2025-07-21,14,S003,Riverside Park,12:20,12:24,4.9
2025-07-16,12,S006,Harbor Road,15:20,15:28,8.5
2025-06-14,14,S001,Central Station,12:20,12:21,1.8
2025-07-01,27,S006,Harbor Road,15:20,15:20,0.5
2025-06-14,12,S002,Market Street,09:20,09:23,3.9
2025-07-29,12,S004,University Gate,15:20,15:23,3.0
2025-07-19,12,S006,Harbor Road,12:20,,
2025-06-23,27,S005,Industrial Estate,15:20,15:28,8.4
2025-06-05,27,S002,Market Street,15:20,15:20,0.6
2025-07-03,27,S006,Harbor Road,06:20,06:21,1.3
2025-06-15,12,S005,Industrial Estate,06:20,06:27,7.4
2025-06-20,12,S006,Harbor Road,09:20,09:24,4.7
2025-07-04,12,S006,Harbor Road,06:20,06:27,7.7
2025-06-28,14,S003,Riverside Park,12:20,12:26,6.3
2025-06-14,12,S003,Riverside Park,15:20,15:20,0.5
2025-06-20,27,S001,Central Station,15:20,15:20,0.1
2025-07-12,27,S003,Riverside Park,06:20,06:24,4.3
2025-07-25,27,S002,Market Street,15:20,15:21,1.2
2025-07-11,12,S003,Riverside Park,15:20,15:25,5.6
2025-06-20,12,S003,Riverside Park,06:20,,
2025-06-02,14,S004,University Gate,15:20,,
2025-06-08,27,S006,Harbor Road,06:20,06:21,1.1
2025-06-19,27,S004,University Gate,15:20,15:19,-0.3
2025-06-10,12,S005,Industrial Estate,12:20,12:19,-0.3
2025-06-23,12,S003,Riverside Park,15:20,15:21,1.1
2025-07-27,14,S005,Industrial Estate,15:20,15:27,7.5
2025-07-09,14,S001,Central Station,12:20,12:28,8.1
2025-06-14,12,S005,Industrial Estate,09:20,09:23,3.4
2025-06-06,12,S003,Riverside Park,09:20,09:22,2.7
2025-07-17,27,S006,Harbor Road,06:20,06:23,3.0
2025-06-22,14,S001,Central Station,09:20,09:25,5.2
2025-06-12,14,S005,Industrial Estate,09:20,09:21,1.0
2025-07-20,27,S003,Riverside Park,09:20,09:20,0.1
2025-06-20,14,S001,Central Station,09:20,09:20,0.0
2025-07-17,14,S003,Riverside Park,09:20,09:25,5.9
2025-07-30,27,S006,Harbor Road,06:20,06:23,3.0
2025-06-03,27,S001,Central Station,12:20,12:21,1.5
2025-06-24,14,S006,Harbor Road,15:20,15:29,9.7
2025-07-20,14,S002,Market Street,12:20,12:22,2.4
2025-07-02,12,S004,University Gate,06:20,06:29,9.6
2025-07-08,27,S001,Central Station,12:20,12:21,1.7
2025-07-06,14,S001,Central Station,09:20,09:20,0.1
2025-06-18,27,S001,Central Station,12:20,12:18,-1.6
2025-06-25,12,S006,Harbor Road,12:20,12:21,1.6
2025-07-05,14,S001,Central Station,15:20,15:28,8.3
2025-06-16,14,S002,Market Street,06:20,06:26,6.2
2025-07-01,12,S002,Market Street,12:20,12:24,4.7
2025-06-03,27,S005,Industrial Estate,12:20,12:21,1.1
2025-06-11,14,S004,University Gate,09:20,09:24,4.5
2025-07-20,27,S006,Harbor Road,06:20,06:18,-1.4
2025-06-05,14,S006,Harbor Road,15:20,15:27,7.1
2025-07-07,27,S006,Harbor Road,15:20,15:19,-1.0
2025-06-23,12,S005,Industrial Estate,15:20,15:29,9.4
2025-06-22,12,S002,Market Street,09:20,09:18,-1.9
2025-07-17,12,S004,University Gate,09:20,09:22,2.5
2025-06-13,14,S001,Central Station,12:20,12:24,4.4
2025-06-26,14,S002,Market Street,12:20,12:25,5.1
2025-06-23,27,S003,Riverside Park,06:20,06:22,2.9
2025-07-06,14,S004,University Gate,15:20,15:19,-0.7
2025-06-08,12,S003,Riverside Park,06:20,06:19,-0.7
2025-07-07,14,S002,Market Street,15:20,15:25,5.2
2025-06-20,12,S003,Riverside Park,09:20,09:19,-0.3
2025-06-17,14,S003,Riverside Park,06:20,06:25,5.0
2025-07-14,14,S004,University Gate,06:20,06:26,6.3
2025-07-05,27,S005,Industrial Estate,12:20,12:21,1.4
2025-07-26,14,S005,Industrial Estate,09:20,09:21,1.8
2025-06-27,14,S001,Central Station,15:20,15:25,5.0
2025-06-26,14,S006,Harbor Road,15:20,15:24,4.2
2025-06-29,27,S002,Market Street,12:20,12:19,-0.9
2025-07-13,12,S002,Market Street,09:20,09:20,0.7
2025-06-13,27,S001,Central Station,15:20,15:18,-1.4
2025-06-11,14,S002,Market Street,12:20,12:25,5.0
2025-06-19,27,S002,Market Street,06:20,06:20,0.7
2025-07-05,14,S002,Market Street,12:20,12:25,5.1
2025-07-15,14,S005,Industrial Estate,15:20,15:20,0.4
2025-07-31,12,S005,Industrial Estate,06:20,06:25,5.0
2025-06-07,27,S004,University Gate,09:20,09:21,1.8
2025-06-24,14,S001,Central Station,09:20,09:24,4.6
2025-06-17,27,S006,Harbor Road,15:20,15:25,5.4
2025-07-12,27,S003,Riverside Park,12:20,12:22,2.3
2025-07-11,12,S002,Market Street,12:20,12:21,1.6
2025-06-13,12,S005,Industrial Estate,12:20,12:20,0.4
2025-06-11,27,S004,University Gate,06:20,06:22,2.2
2025-06-16,12,S005,Industrial Estate,06:20,06:27,7.2
2025-06-12,27,S006,Harbor Road,12:20,12:23,3.6
2025-06-24,27,S002,Market Street,12:20,12:19,-0.2
2025-07-23,14,S003,Riverside Park,12:20,12:25,5.3
2025-06-26,27,S003,Riverside Park,12:20,12:20,0.5
2025-06-30,12,S004,University Gate,12:20,12:22,2.6
2025-07-14,14,S002,Market Street,06:20,06:28,8.6
2025-06-28,14,S005,Industrial Estate,09:20,09:25,5.3
2025-06-18,27,S002,Market Street,09:20,09:22,2.3
2025-07-09,12,S002,Market Street,12:20,12:21,1.0
2025-07-27,27,S005,Industrial Estate,12:20,12:21,1.8
2025-07-12,12,S006,Harbor Road,06:20,06:23,3.7
2025-06-21,27,S003,Riverside Park,15:20,15:18,-2.0
2025-07-26,14,S004,University Gate,09:20,09:19,-0.4
2025-07-30,12,S005,Industrial Estate,09:20,09:21,1.5
2025-07-21,27,S001,Central Station,06:20,06:18,-1.1
2025-06-17,14,S005,Industrial Estate,06:20,06:29,9.8
2025-07-19,12,S006,Harbor Road,09:20,09:20,0.6
2025-06-09,12,S004,University Gate,12:20,,
2025-07-11,14,S001,Central Station,06:20,06:24,4.0
2025-07-13,14,S002,Market Street,06:20,06:28,8.3
2025-07-23,14,S002,Market Street,09:20,09:24,4.2
2025-06-14,14,S004,University Gate,06:20,06:27,7.1
2025-06-09,27,S004,University Gate,15:20,15:26,6.4
2025-06-20,14,S006,Harbor Road,09:20,09:24,4.0
2025-06-03,27,S001,Central Station,06:20,06:22,2.7
2025-06-14,14,S001,Central Station,06:20,06:23,3.1
2025-06-08,14,S004,University Gate,12:20,12:20,0.9
2025-06-22,27,S002,Market Street,12:20,12:26,6.0
2025-07-20,27,S002,Market Street,09:20,09:21,1.6
2025-07-29,27,S006,Harbor Road,12:20,12:19,-0.1
2025-07-15,12,S006,Harbor Road,06:20,06:20,0.4
2025-07-01,12,S003,Riverside Park,06:20,06:25,5.9
2025-07-01,14,S003,Riverside Park,09:20,09:24,4.6
2025-07-17,27,S002,Market Street,12:20,12:18,-2.0
2025-07-02,14,S003,Riverside Park,15:20,15:27,7.8
2025-06-03,27,S001,Central Station,09:20,09:18,-2.0
2025-07-06,14,S003,Riverside Park,12:20,12:21,1.8
2025-07-18,27,S005,Industrial Estate,06:20,06:20,0.2
2025-07-31,27,S001,Central Station,06:20,06:25,5.0
2025-06-16,14,S003,Riverside Park,12:20,12:24,4.4
2025-07-14,12,S004,University Gate,09:20,09:24,4.4
2025-07-01,27,S001,Central Station,09:20,09:19,-0.8
2025-07-19,14,S003,Riverside Park,09:20,09:25,5.3
2025-06-02,12,S006,Harbor Road,06:20,06:25,5.3
2025-07-03,12,S002,Market Street,12:20,12:27,7.1
2025-07-19,12,S001,Central Station,09:20,09:19,-0.2
2025-07-06,27,S005,Industrial Estate,12:20,12:22,2.1
2025-06-29,14,S004,University Gate,12:20,12:20,0.3
2025-06-21,27,S002,Market Street,06:20,06:18,-1.4
2025-06-21,14,S004,University Gate,06:20,06:23,3.8
2025-07-27,27,S002,Market Street,12:20,12:20,0.6
2025-07-22,14,S001,Central Station,12:20,12:23,3.7
2025-07-06,14,S004,University Gate,06:20,06:24,4.5
2025-07-07,27,S005,Industrial Estate,09:20,09:20,0.9
2025-07-04,12,S005,Industrial Estate,15:20,15:23,3.4
2025-07-20,12,S003,Riverside Park,09:20,09:21,1.3
2025-06-12,12,S003,Riverside Park,15:20,15:24,4.7
2025-06-02,14,S005,Industrial Estate,09:20,09:23,3.8
2025-06-18,27,S006,Harbor Road,15:20,15:21,1.2
2025-06-12,12,S005,Industrial Estate,06:20,06:22,2.9
2025-07-24,27,S001,Central Station,09:20,09:18,-2.0
2025-06-27,14,S006,Harbor Road,12:20,12:22,2.9
2025-07-08,12,S001,Central Station,15:20,15:19,-0.6
2025-07-23,14,S002,Market Street,15:20,15:27,7.7
2025-06-23,14,S001,Central Station,09:20,09:22,2.9
2025-07-23,12,S006,Harbor Road,15:20,15:25,5.6
2025-07-11,12,S002,Market Street,15:20,15:22,2.3
2025-06-13,27,S006,Harbor Road,09:20,09:19,-0.9
2025-06-06,14,S001,Central Station,06:20,06:26,6.0
2025-07-07,14,S005,Industrial Estate,12:20,12:24,4.5
2025-06-29,27,S001,Central Station,06:20,06:20,0.4
2025-06-06,12,S004,University Gate,09:20,09:20,0.7
2025-06-25,14,S004,University Gate,12:20,12:23,3.7
2025-06-03,12,S005,Industrial Estate,09:20,09:22,2.9
2025-07-17,12,S005,Industrial Estate,12:20,12:21,1.0
2025-06-29,27,S005,Industrial Estate,15:20,15:21,1.7
2025-06-07,27,S002,Market Street,06:20,06:20,0.7
2025-07-25,12,S006,Harbor Road,12:20,12:21,1.4
2025-07-29,12,S005,Industrial Estate,09:20,09:21,1.1
2025-07-22,12,S006,Harbor Road,06:20,06:22,2.9
2025-06-30,12,S003,Riverside Park,06:20,06:25,5.9
2025-07-26,12,S005,Industrial Estate,15:20,15:23,3.5
2025-06-07,12,S006,Harbor Road,06:20,06:22,2.6
2025-06-12,12,S005,Industrial Estate,15:20,15:25,5.8
2025-06-16,27,S005,Industrial Estate,09:20,09:20,0.3
2025-07-25,14,S002,Market Street,06:20,06:27,7.9
2025-07-22,12,S001,Central Station,15:20,15:22,2.5
2025-06-08,12,S002,Market Street,12:20,12:18,-2.0
2025-06-08,27,S006,Harbor Road,12:20,12:18,-2.0
2025-07-05,27,S005,Industrial Estate,06:20,06:21,1.0
2025-06-28,12,S003,Riverside Park,06:20,06:20,0.6
2025-06-08,12,S006,Harbor Road,12:20,12:21,1.6
2025-06-07,27,S004,University Gate,15:20,15:25,5.1
2025-07-04,27,S006,Harbor Road,09:20,09:24,4.3
2025-07-25,27,S001,Central Station,06:20,06:23,3.3
2025-06-03,12,S006,Harbor Road,12:20,12:24,4.8
2025-07-18,14,S003,Riverside Park,12:20,12:22,2.6
2025-06-10,12,S004,University Gate,06:20,06:23,3.6
2025-06-06,27,S001,Central Station,15:20,15:23,3.0
2025-06-17,14,S006,Harbor Road,12:20,12:28,8.7
2025-07-18,27,S004,University Gate,06:20,06:22,2.2
2025-07-09,14,S004,University Gate,06:20,06:28,8.6
2025-06-16,27,S003,Riverside Park,12:20,12:18,-1.1
2025-07-15,27,S003,Riverside Park,15:20,15:24,4.3
2025-06-23,14,S004,University Gate,06:20,06:29,9.2
2025-07-16,27,S001,Central Station,15:20,15:24,4.1
2025-07-17,27,S005,Industrial Estate,09:20,09:19,-0.5
2025-07-16,14,S001,Central Station,12:20,12:24,4.0
2025-07-13,12,S006,Harbor Road,12:20,12:24,4.1
2025-06-15,27,S006,Harbor Road,06:20,06:19,-0.1
2025-07-21,14,S006,Harbor Road,12:20,12:25,5.9
2025-06-13,12,S001,Central Station,09:20,09:19,-0.9
2025-07-21,27,S002,Market Street,09:20,09:18,-2.0
2025-06-14,14,S006,Harbor Road,06:20,,
2025-07-09,12,S003,Riverside Park,06:20,06:23,3.9
2025-07-25,27,S004,University Gate,15:20,15:20,0.1
2025-06-12,14,S006,Harbor Road,06:20,06:20,0.5
2025-06-22,14,S001,Central Station,12:20,12:26,6.7
2025-07-16,12,S005,Industrial Estate,09:20,09:24,4.9
2025-07-22,27,S004,University Gate,06:20,06:25,5.2
2025-07-20,27,S006,Harbor Road,09:20,09:18,-2.0
2025-06-27,27,S003,Riverside Park,12:20,12:24,4.3
2025-06-09,14,S002,Market Street,12:20,12:23,3.2
2025-07-21,12,S006,Harbor Road,09:20,09:21,1.3
2025-07-14,12,S005,Industrial Estate,06:20,06:22,2.2
2025-06-03,14,S002,Market Street,15:20,15:23,3.2
2025-06-23,27,S002,Market Street,12:20,12:18,-2.0
2025-07-04,14,S004,University Gate,12:20,12:25,5.7
2025-07-24,27,S004,University Gate,15:20,15:18,-2.0
2025-07-02,27,S005,Industrial Estate,12:20,12:22,2.0
2025-07-12,12,S005,Industrial Estate,12:20,12:22,2.4
2025-07-07,12,S003,Riverside Park,15:20,15:26,6.8
2025-06-03,14,S005,Industrial Estate,09:20,09:24,4.5
2025-06-10,27,S001,Central Station,12:20,12:21,1.7
2025-07-29,27,S003,Riverside Park,06:20,06:20,0.2
2025-07-28,27,S005,Industrial Estate,12:20,12:21,1.3
2025-07-07,27,S002,Market Street,15:20,15:23,3.6
2025-06-02,14,S006,Harbor Road,15:20,15:27,7.2
2025-07-18,14,S006,Harbor Road,15:20,15:24,4.7
2025-06-03,14,S003,Riverside Park,09:20,09:28,8.1
2025-07-24,12,S002,Market Street,09:20,09:21,1.9
2025-07-25,14,S003,Riverside Park,09:20,09:26,6.4
2025-06-13,14,S005,Industrial Estate,12:20,12:24,4.1
2025-06-20,14,S001,Central Station,06:20,06:28,8.6
2025-06-11,12,S001,Central Station,15:20,15:24,4.7
2025-07-20,12,S005,Industrial Estate,09:20,09:18,-2.0
2025-06-16,27,S003,Riverside Park,09:20,09:21,1.8
2025-07-07,27,S001,Central Station,09:20,09:21,1.2
2025-07-15,14,S001,Central Station,09:20,09:24,4.1
2025-06-24,12,S006,Harbor Road,09:20,09:19,-0.4
2025-07-16,14,S006,Harbor Road,06:20,06:25,5.9
2025-07-04,27,S003,Riverside Park,15:20,15:21,1.2
2025-07-07,27,S005,Industrial Estate,12:20,12:20,0.7
2025-06-08,27,S002,Market Street,06:20,06:25,5.2
2025-06-30,27,S001,Central Station,09:20,09:22,2.5
2025-06-09,12,S004,University Gate,09:20,09:23,3.5
2025-07-17,14,S005,Industrial Estate,09:20,09:27,7.8
2025-07-12,14,S002,Market Street,06:20,06:25,5.5
2025-06-07,14,S006,Harbor Road,15:20,15:26,6.5
2025-06-15,12,S003,Riverside Park,12:20,12:22,2.8
2025-07-20,12,S002,Market Street,12:20,12:19,-0.4
2025-07-23,12,S002,Market Street,06:20,06:21,1.1
2025-07-01,14,S002,Market Street,12:20,12:21,1.6
2025-06-20,12,S002,Market Street,15:20,15:20,0.4
2025-06-24,27,S005,Industrial Estate,15:20,15:21,1.5
2025-06-11,27,S004,University Gate,15:20,15:18,-1.1
2025-07-13,14,S002,Market Street,12:20,,
2025-06-24,12,S004,University Gate,15:20,15:24,4.0
2025-07-08,12,S004,University Gate,12:20,12:19,-0.7
2025-06-09,12,S006,Harbor Road,15:20,15:23,3.5
2025-06-26,14,S002,Market Street,09:20,09:26,6.5
2025-07-30,14,S005,Industrial Estate,12:20,12:22,2.5
2025-07-17,14,S005,Industrial Estate,12:20,12:23,3.0
2025-06-04,27,S005,Industrial Estate,15:20,15:26,6.9
2025-06-24,14,S001,Central Station,15:20,15:23,3.5
2025-07-08,14,S006,Harbor Road,15:20,15:26,6.8
2025-07-19,27,S005,Industrial Estate,09:20,09:18,-1.2
2025-06-12,27,S006,Harbor Road,09:20,09:20,0.2
2025-06-24,12,S005,Industrial Estate,15:20,15:20,0.6
2025-07-03,14,S006,Harbor Road,06:20,06:25,5.0
2025-06-15,27,S002,Market Street,12:20,12:19,-1.0
2025-07-22,12,S005,Industrial Estate,12:20,12:22,2.4
2025-07-26,14,S006,Harbor Road,12:20,12:21,1.2
2025-06-11,27,S001,Central Station,12:20,12:18,-1.8
2025-06-21,12,S002,Market Street,06:20,06:22,2.7
2025-06-20,12,S002,Market Street,06:20,06:25,5.4
2025-07-06,12,S003,Riverside Park,09:20,09:21,1.4
2025-07-22,14,S005,Industrial Estate,06:20,06:25,5.7
2025-07-18,14,S006,Harbor Road,12:20,12:24,4.3
2025-07-01,14,S004,University Gate,09:20,09:31,11.3
2025-07-30,27,S006,Harbor Road,15:20,15:21,1.3
2025-06-23,12,S006,Harbor Road,09:20,09:22,2.6
2025-07-16,27,S006,Harbor Road,09:20,,
2025-06-10,27,S002,Market Street,06:20,06:18,-1.5
2025-07-27,14,S006,Harbor Road,15:20,15:21,1.4
2025-06-02,27,S004,University Gate,15:20,15:21,1.2
2025-07-19,27,S001,Central Station,15:20,15:23,3.6
2025-07-19,12,S005,Industrial Estate,06:20,06:22,2.8
2025-07-29,12,S003,Riverside Park,15:20,15:22,2.8
2025-06-15,27,S002,Market Street,09:20,09:18,-1.4
2025-07-10,12,S006,Harbor Road,09:20,09:18,-1.6
2025-06-25,14,S005,Industrial Estate,12:20,12:21,1.8
2025-07-31,14,S006,Harbor Road,12:20,12:22,2.3
2025-06-19,14,S003,Riverside Park,15:20,15:28,8.6
2025-06-17,12,S001,Central Station,15:20,15:26,6.3
2025-07-09,14,S003,Riverside Park,09:20,09:24,4.5
2025-06-17,12,S005,Industrial Estate,06:20,06:25,5.2
2025-07-29,27,S002,Market Street,09:20,09:18,-2.0
2025-06-30,27,S004,University Gate,12:20,12:20,0.6
2025-06-14,27,S002,Market Street,09:20,09:18,-2.0
2025-07-16,14,S003,Riverside Park,15:20,15:28,8.5
2025-06-23,12,S006,Harbor Road,12:20,12:24,4.2
2025-06-02,14,S002,Market Street,15:20,15:22,2.2
2025-06-24,14,S004,University Gate,09:20,09:25,5.0
2025-07-23,12,S005,Industrial Estate,06:20,06:21,1.2
2025-07-16,14,S006,Harbor Road,09:20,09:29,9.0
2025-07-12,12,S001,Central Station,12:20,12:22,2.5
2025-07-27,12,S001,Central Station,12:20,12:24,4.2
2025-07-18,27,S001,Central Station,06:20,06:22,2.2
2025-06-25,14,S003,Riverside Park,15:20,15:24,4.4
2025-06-28,14,S002,Market Street,06:20,06:25,5.1
2025-07-17,12,S003,Riverside Park,15:20,15:20,0.4
2025-06-21,27,S006,Harbor Road,06:20,06:21,1.1
2025-06-09,12,S002,Market Street,09:20,09:23,3.3
2025-06-28,27,S001,Central Station,15:20,15:21,1.3
2025-06-13,12,S003,Riverside Park,09:20,09:24,4.6
2025-07-22,14,S004,University Gate,12:20,12:28,8.5
2025-06-23,27,S001,Central Station,06:20,06:19,-0.8
2025-07-28,27,S001,Central Station,15:20,15:20,0.5
2025-07-24,12,S001,Central Station,09:20,09:23,3.0
2025-07-16,12,S004,University Gate,12:20,12:22,2.9
2025-06-14,27,S001,Central Station,06:20,06:20,0.5
2025-07-25,27,S003,Riverside Park,09:20,09:18,-1.9
2025-06-25,27,S005,Industrial Estate,12:20,12:18,-2.0
2025-06-18,14,S003,Riverside Park,15:20,15:23,3.6
2025-07-09,27,S006,Harbor Road,12:20,12:20,0.7
2025-06-03,27,S004,University Gate,09:20,09:18,-2.0
2025-07-17,27,S004,University Gate,06:20,06:23,3.6
2025-07-05,12,S002,Market Street,06:20,06:22,2.5
2025-07-26,27,S004,University Gate,09:20,09:20,0.3
2025-06-27,12,S005,Industrial Estate,15:20,15:23,3.4
2025-07-08,12,S001,Central Station,12:20,,
2025-06-07,27,S001,Central Station,06:20,06:20,-0.0
2025-07-02,27,S006,Harbor Road,15:20,15:22,2.9
2025-07-07,14,S003,Riverside Park,15:20,15:29,9.9
2025-07-25,12,S006,Harbor Road,15:20,15:27,7.1
2025-07-14,14,S006,Harbor Road,15:20,,
2025-06-30,12,S005,Industrial Estate,09:20,09:18,-2.0
2025-06-07,27,S005,Industrial Estate,06:20,06:19,-0.4
2025-06-25,14,S002,Market Street,06:20,06:25,5.5
2025-07-07,12,S002,Market Street,06:20,06:22,2.3
2025-06-02,27,S005,Industrial Estate,15:20,15:23,3.1
2025-07-08,27,S006,Harbor Road,06:20,06:22,2.1
2025-06-07,12,S002,Market Street,15:20,15:26,6.9
2025-06-07,27,S005,Industrial Estate,09:20,09:20,0.1
2025-07-19,14,S006,Harbor Road,09:20,,
2025-07-17,27,S004,University Gate,09:20,09:22,2.3
2025-07-30,12,S003,Riverside Park,15:20,15:24,4.3
2025-06-07,14,S006,Harbor Road,12:20,12:26,6.1
2025-07-07,12,S006,Harbor Road,09:20,09:26,6.0
2025-07-11,27,S005,Industrial Estate,15:20,15:24,4.9
2025-06-18,12,S003,Riverside Park,06:20,06:22,2.2
2025-07-08,12,S002,Market Street,09:20,09:23,3.1
2025-06-26,27,S004,University Gate,15:20,15:22,2.7
2025-07-10,27,S001,Central Station,12:20,12:20,0.8
2025-07-11,12,S004,University Gate,06:20,06:24,4.0
2025-07-09,14,S004,University Gate,09:20,09:26,6.5
2025-07-20,12,S002,Market Street,09:20,09:22,2.0
2025-06-18,12,S004,University Gate,15:20,15:26,6.1
2025-06-23,27,S001,Central Station,12:20,12:22,2.8
2025-06-26,27,S003,Riverside Park,09:20,09:23,3.0
2025-07-02,27,S004,University Gate,15:20,15:24,4.7
2025-07-25,27,S004,University Gate,09:20,09:21,1.0
2025-07-05,27,S004,University Gate,06:20,06:22,2.0
2025-07-03,14,S003,Riverside Park,06:20,06:24,4.9
2025-06-12,12,S002,Market Street,06:20,06:33,13.4
2025-06-23,12,S005,Industrial Estate,06:20,06:18,-2.0
2025-06-26,14,S001,Central Station,12:20,12:27,7.1
2025-06-28,12,S002,Market Street,15:20,15:24,4.4
2025-06-12,12,S001,Central Station,06:20,06:29,9.4
2025-06-08,14,S003,Riverside Park,06:20,06:23,3.7
2025-06-21,12,S002,Market Street,15:20,15:24,4.0
2025-07-15,14,S004,University Gate,09:20,09:22,2.1
2025-07-01,27,S002,Market Street,12:20,12:22,2.8
2025-06-26,12,S005,Industrial Estate,06:20,06:28,8.5
2025-07-02,27,S004,University Gate,09:20,09:21,1.2
2025-07-19,12,S003,Riverside Park,06:20,,
2025-07-30,14,S004,University Gate,12:20,12:22,2.7
2025-06-22,12,S001,Central Station,06:20,06:25,5.0
2025-06-25,14,S001,Central Station,06:20,06:21,1.8
2025-07-28,27,S003,Riverside Park,12:20,12:22,2.1
2025-06-27,27,S005,Industrial Estate,15:20,15:24,4.2
2025-07-08,27,S005,Industrial Estate,09:20,09:20,0.4
2025-06-30,14,S002,Market Street,06:20,06:25,5.5
2025-07-11,27,S003,Riverside Park,06:20,06:22,2.2
2025-06-09,12,S002,Market Street,12:20,12:23,3.0
2025-07-28,12,S001,Central Station,09:20,09:22,2.7
2025-07-25,12,S003,Riverside Park,09:20,09:23,3.4
2025-06-19,14,S003,Riverside Park,09:20,09:21,1.1
2025-06-19,12,S004,University Gate,06:20,06:26,6.5
2025-06-02,27,S005,Industrial Estate,12:20,12:21,1.1
2025-06-22,27,S001,Central Station,12:20,12:21,1.6
2025-07-18,12,S006,Harbor Road,09:20,09:26,6.0
2025-06-23,12,S002,Market Street,06:20,06:21,1.3
2025-07-21,12,S004,University Gate,15:20,15:23,3.5
2025-07-04,27,S003,Riverside Park,12:20,12:20,0.3
2025-07-10,14,S006,Harbor Road,15:20,15:28,8.2
2025-06-12,27,S004,University Gate,12:20,,
2025-06-13,27,S005,Industrial Estate,15:20,15:24,4.6
2025-06-21,27,S003,Riverside Park,09:20,09:21,1.8
2025-06-14,12,S006,Harbor Road,09:20,09:19,-0.7
2025-07-29,27,S005,Industrial Estate,09:20,09:24,4.9
2025-07-06,12,S004,University Gate,09:20,09:30,10.6
2025-06-11,14,S003,Riverside Park,06:20,06:25,5.2
2025-07-22,14,S001,Central Station,06:20,06:27,7.4
2025-07-03,12,S002,Market Street,06:20,06:23,3.4
2025-07-11,14,S006,Harbor Road,06:20,06:26,6.8
2025-06-25,27,S005,Industrial Estate,09:20,09:20,0.5
2025-07-25,27,S001,Central Station,15:20,15:22,2.7
2025-07-14,14,S002,Market Street,12:20,12:26,6.6
2025-06-14,14,S002,Market Street,15:20,15:27,7.3
2025-06-04,12,S002,Market Street,09:20,09:24,4.6
2025-06-07,14,S004,University Gate,15:20,15:22,2.7
2025-07-22,12,S004,University Gate,09:20,09:24,4.0
2025-07-08,14,S001,Central Station,09:20,09:22,2.4
2025-06-27,14,S005,Industrial Estate,06:20,06:24,4.4
2025-07-08,12,S002,Market Street,12:20,12:22,2.6
2025-06-09,12,S003,Riverside Park,12:20,12:22,2.6
2025-07-29,14,S001,Central Station,09:20,09:18,-1.4
2025-07-19,14,S001,Central Station,09:20,09:20,0.9
2025-06-27,14,S006,Harbor Road,09:20,09:22,2.7
2025-06-02,12,S004,University Gate,15:20,15:21,1.5
2025-07-13,12,S002,Market Street,12:20,12:20,0.2
2025-07-01,14,S006,Harbor Road,06:20,06:27,7.2
2025-07-23,14,S001,Central Station,06:20,06:26,6.4
2025-06-25,12,S003,Riverside Park,06:20,06:18,-1.2
2025-07-10,14,S001,Central Station,06:20,06:24,4.2
2025-07-17,12,S002,Market Street,06:20,06:27,7.7
2025-06-08,14,S003,Riverside Park,09:20,09:23,3.2
2025-07-21,12,S005,Industrial Estate,06:20,06:25,5.4
2025-06-30,14,S002,Market Street,09:20,09:21,1.3
2025-06-10,14,S002,Market Street,06:20,06:24,4.7
2025-06-28,12,S002,Market Street,12:20,12:23,3.1
2025-06-10,14,S005,Industrial Estate,06:20,06:25,5.9
2025-06-02,27,S003,Riverside Park,12:20,12:22,2.3
2025-06-20,12,S001,Central Station,06:20,06:26,6.0
2025-07-27,27,S001,Central Station,06:20,06:19,-0.9
2025-07-13,27,S005,Industrial Estate,09:20,09:18,-1.9
2025-07-18,27,S006,Harbor Road,06:20,06:21,1.3
2025-07-14,12,S005,Industrial Estate,12:20,12:22,2.7
2025-07-13,27,S002,Market Street,15:20,15:23,3.6
2025-07-18,27,S004,University Gate,09:20,09:20,0.6
2025-07-09,27,S003,Riverside Park,06:20,06:22,2.4
2025-06-20,14,S002,Market Street,12:20,12:23,3.4
2025-06-10,12,S005,Industrial Estate,06:20,06:25,5.1
2025-07-07,12,S002,Market Street,09:20,09:22,2.1
2025-07-04,27,S005,Industrial Estate,09:20,09:18,-1.3
2025-07-09,27,S006,Harbor Road,15:20,15:22,2.4
2025-07-13,12,S003,Riverside Park,06:20,06:25,5.8
2025-07-27,12,S003,Riverside Park,12:20,12:23,3.8
2025-07-21,27,S001,Central Station,15:20,15:24,4.3
2025-07-25,27,S003,Riverside Park,06:20,06:18,-2.0
2025-07-16,14,S004,University Gate,15:20,15:25,5.7
2025-07-23,12,S003,Riverside Park,15:20,15:22,2.6
2025-06-02,14,S005,Industrial Estate,06:20,06:25,5.8
2025-07-18,27,S003,Riverside Park,15:20,15:22,2.4
2025-06-24,12,S003,Riverside Park,09:20,09:26,6.0
2025-07-04,14,S003,Riverside Park,06:20,06:23,3.7
2025-07-11,14,S002,Market Street,12:20,12:26,6.7
2025-06-22,12,S004,University Gate,06:20,06:28,8.6
2025-06-26,27,S004,University Gate,09:20,09:21,1.7
2025-07-29,12,S005,Industrial Estate,12:20,12:22,2.3
2025-06-11,12,S003,Riverside Park,12:20,12:23,3.8
2025-07-16,14,S005,Industrial Estate,12:20,12:24,4.2
2025-07-11,12,S004,University Gate,09:20,09:20,0.6
2025-07-02,14,S003,Riverside Park,09:20,09:24,4.4
2025-06-29,12,S001,Central Station,15:20,15:22,2.9
2025-06-29,14,S002,Market Street,06:20,06:24,4.8
2025-06-25,27,S004,University Gate,06:20,06:25,5.8
2025-07-28,12,S002,Market Street,15:20,15:27,7.0
2025-06-13,12,S006,Harbor Road,09:20,09:26,6.1
2025-06-11,14,S001,Central Station,09:20,09:24,4.4
2025-06-18,27,S005,Industrial Estate,06:20,06:23,3.2
2025-07-14,27,S004,University Gate,09:20,09:18,-2.0
2025-06-21,14,S003,Riverside Park,06:20,06:24,4.8
2025-06-26,14,S001,Central Station,15:20,15:30,10.9
2025-06-07,12,S005,Industrial Estate,12:20,12:19,-0.4
2025-06-05,12,S002,Market Street,06:20,06:27,7.2
2025-07-19,12,S005,Industrial Estate,09:20,09:22,2.2
2025-06-12,14,S003,Riverside Park,09:20,09:26,6.2
2025-06-16,27,S002,Market Street,12:20,12:24,4.0
2025-07-10,12,S002,Market Street,12:20,12:18,-1.8
2025-06-14,12,S004,University Gate,06:20,06:23,3.3
2025-07-01,27,S004,University Gate,09:20,09:19,-0.1
2025-06-25,27,S004,University Gate,15:20,15:18,-1.3
2025-07-21,14,S005,Industrial Estate,06:20,06:25,5.2
2025-06-27,27,S001,Central Station,09:20,09:22,2.0
2025-07-12,14,S004,University Gate,09:20,09:21,1.5
2025-07-21,27,S001,Central Station,12:20,12:22,2.7
2025-06-18,27,S006,Harbor Road,09:20,09:18,-1.5
2025-06-06,14,S006,Harbor Road,12:20,12:27,7.9
2025-07-26,12,S003,Riverside Park,15:20,,
2025-06-17,14,S005,Industrial Estate,09:20,09:18,-1.1
2025-06-05,27,S005,Industrial Estate,15:20,15:21,1.0
2025-06-10,12,S002,Market Street,06:20,06:23,3.4
2025-07-28,14,S003,Riverside Park,15:20,15:24,4.8
2025-06-12,12,S001,Central Station,09:20,09:26,6.0
2025-07-08,12,S003,Riverside Park,15:20,15:25,5.3
2025-06-16,14,S001,Central Station,06:20,06:25,5.7
2025-07-26,12,S001,Central Station,09:20,09:18,-2.0
2025-06-26,12,S002,Market Street,06:20,06:24,4.8
2025-07-10,27,S005,Industrial Estate,06:20,06:21,1.8
2025-07-15,12,S003,Riverside Park,15:20,15:25,5.8
2025-06-03,12,S006,Harbor Road,09:20,09:20,-0.0
2025-07-21,14,S001,Central Station,15:20,15:27,7.2
2025-06-14,12,S001,Central Station,12:20,12:20,0.8
2025-07-27,14,S005,Industrial Estate,12:20,12:25,5.8
2025-07-22,14,S002,Market Street,09:20,09:23,3.0
2025-06-28,27,S005,Industrial Estate,15:20,15:21,1.2
2025-06-26,14,S003,Riverside Park,09:20,09:21,1.5
2025-07-16,27,S005,Industrial Estate,12:20,12:27,7.9
2025-06-22,14,S005,Industrial Estate,06:20,06:22,2.9
2025-07-17,27,S006,Harbor Road,15:20,15:21,1.4
2025-06-05,14,S004,University Gate,15:20,15:25,5.9
2025-06-23,14,S006,Harbor Road,09:20,09:25,5.0
2025-07-28,12,S003,Riverside Park,15:20,15:25,5.1
2025-07-06,12,S004,University Gate,12:20,12:19,-0.7
2025-07-30,27,S004,University Gate,09:20,09:24,4.7
2025-07-04,12,S006,Harbor Road,15:20,15:26,6.5
2025-06-20,12,S004,University Gate,15:20,15:25,5.6
2025-06-14,12,S003,Riverside Park,12:20,12:23,3.9
2025-07-08,14,S002,Market Street,12:20,12:26,6.7
2025-06-10,12,S006,Harbor Road,06:20,06:23,3.4
2025-07-27,12,S005,Industrial Estate,06:20,06:19,-0.6
2025-06-10,27,S004,University Gate,09:20,09:21,1.4
2025-07-03,12,S001,Central Station,06:20,06:26,6.8
2025-06-04,12,S004,University Gate,06:20,06:22,2.2
2025-06-27,27,S004,University Gate,09:20,09:18,-1.7
2025-07-29,27,S006,Harbor Road,15:20,,
2025-06-08,14,S004,University Gate,06:20,06:24,4.8
2025-06-29,12,S002,Market Street,12:20,12:18,-1.2
2025-07-25,12,S004,University Gate,06:20,06:21,1.8
2025-07-11,27,S006,Harbor Road,06:20,06:18,-2.0
2025-06-14,12,S002,Market Street,12:20,12:18,-2.0
2025-06-29,14,S006,Harbor Road,15:20,15:26,6.0
2025-07-06,14,S001,Central Station,15:20,15:26,6.2
2025-06-21,14,S003,Riverside Park,12:20,12:19,-0.4
2025-06-20,12,S001,Central Station,15:20,15:27,7.1
2025-06-05,27,S001,Central Station,06:20,06:24,4.5
2025-06-20,27,S001,Central Station,12:20,12:27,7.8
2025-06-24,27,S004,University Gate,06:20,06:19,-0.1
2025-06-13,14,S001,Central Station,09:20,09:23,3.8
2025-06-26,14,S006,Harbor Road,12:20,,
2025-07-31,14,S004,University Gate,15:20,15:28,8.2
2025-06-24,14,S005,Industrial Estate,09:20,09:24,4.9
2025-06-08,12,S003,Riverside Park,15:20,15:19,-0.5
2025-07-13,14,S006,Harbor Road,09:20,09:25,5.7
2025-06-12,12,S005,Industrial Estate,12:20,12:21,1.2
2025-06-06,27,S004,University Gate,15:20,15:22,2.1
2025-06-08,12,S004,University Gate,12:20,12:20,0.9
2025-06-28,14,S003,Riverside Park,06:20,06:21,1.3
2025-07-18,14,S004,University Gate,15:20,15:30,10.5
2025-07-29,27,S004,University Gate,09:20,09:19,-0.2
2025-07-26,27,S005,Industrial Estate,12:20,12:23,3.1
2025-07-26,12,S005,Industrial Estate,06:20,06:25,5.2
2025-06-28,14,S004,University Gate,06:20,06:27,7.9
2025-06-21,27,S004,University Gate,09:20,09:20,0.5
2025-07-24,27,S004,University Gate,06:20,06:24,4.5
2025-07-10,12,S002,Market Street,06:20,06:20,0.7
2025-06-28,12,S006,Harbor Road,09:20,09:18,-1.9
2025-07-21,27,S002,Market Street,06:20,06:18,-1.7
2025-06-24,12,S002,Market Street,12:20,12:26,6.3
2025-06-14,27,S001,Central Station,09:20,09:24,4.4
2025-06-06,12,S003,Riverside Park,12:20,12:27,7.1
2025-07-20,14,S005,Industrial Estate,09:20,09:22,2.8
2025-06-24,27,S001,Central Station,15:20,15:22,2.3
2025-07-25,14,S005,Industrial Estate,12:20,12:20,0.7
2025-06-11,12,S001,Central Station,06:20,06:21,1.4
2025-06-23,14,S001,Central Station,15:20,15:28,8.0
2025-06-18,14,S004,University Gate,12:20,12:23,3.8
2025-06-07,27,S006,Harbor Road,15:20,15:23,3.1
2025-07-20,14,S004,University Gate,12:20,12:26,6.3
2025-06-10,27,S003,Riverside Park,09:20,09:22,2.1
2025-06-02,14,S003,Riverside Park,06:20,06:19,-0.5
2025-07-03,27,S005,Industrial Estate,09:20,09:18,-2.0
2025-07-18,27,S001,Central Station,15:20,15:24,4.6
2025-07-11,27,S003,Riverside Park,12:20,12:22,2.6
2025-06-15,27,S005,Industrial Estate,12:20,12:18,-2.0
2025-07-16,27,S006,Harbor Road,12:20,12:20,0.7
2025-07-14,12,S003,Riverside Park,15:20,,
2025-06-05,12,S005,Industrial Estate,09:20,09:20,0.4
2025-07-08,14,S006,Harbor Road,09:20,09:24,4.0
2025-07-07,12,S006,Harbor Road,12:20,12:22,2.4
2025-06-04,14,S002,Market Street,12:20,12:25,5.1
2025-07-24,27,S005,Industrial Estate,09:20,09:23,3.1
2025-07-31,14,S005,Industrial Estate,09:20,09:26,6.4
2025-07-21,27,S005,Industrial Estate,09:20,09:23,3.0
2025-06-16,27,S006,Harbor Road,06:20,06:20,0.0
2025-06-27,14,S005,Industrial Estate,15:20,15:25,5.2
2025-06-30,27,S003,Riverside Park,06:20,06:24,4.6
2025-06-25,14,S004,University Gate,06:20,06:26,6.9
2025-07-10,27,S003,Riverside Park,12:20,12:22,2.4
2025-06-06,27,S002,Market Street,09:20,09:19,-0.7
2025-06-23,12,S005,Industrial Estate,12:20,12:21,1.3
2025-07-24,12,S001,Central Station,06:20,06:23,3.0
2025-07-07,14,S004,University Gate,12:20,12:23,3.2
2025-07-20,12,S002,Market Street,06:20,06:22,2.6
2025-07-01,12,S003,Riverside Park,15:20,15:24,4.4
2025-06-22,27,S004,University Gate,12:20,12:22,2.1
2025-06-27,12,S002,Market Street,09:20,09:21,1.4
2025-06-09,14,S001,Central Station,06:20,06:27,7.4
2025-07-10,27,S001,Central Station,15:20,15:20,0.3
2025-07-07,12,S005,Industrial Estate,12:20,12:23,3.1
2025-07-20,27,S002,Market Street,12:20,12:18,-1.2
2025-06-25,12,S005,Industrial Estate,15:20,15:25,5.9
2025-06-24,27,S003,Riverside Park,12:20,12:22,2.7
2025-07-26,27,S006,Harbor Road,15:20,15:22,2.3
2025-07-20,27,S004,University Gate,12:20,12:22,2.9
2025-07-23,27,S005,Industrial Estate,09:20,09:26,6.4
2025-06-04,12,S005,Industrial Estate,12:20,12:23,3.2
2025-06-29,27,S002,Market Street,15:20,15:23,3.4
2025-07-04,14,S001,Central Station,09:20,09:23,3.9
2025-06-09,12,S001,Central Station,15:20,15:26,6.1
2025-06-09,27,S006,Harbor Road,15:20,15:27,7.0
2025-07-08,27,S006,Harbor Road,15:20,15:18,-1.3
2025-06-27,12,S003,Riverside Park,12:20,12:18,-2.0
2025-07-21,27,S004,University Gate,12:20,12:19,-0.3
2025-07-15,14,S002,Market Street,09:20,09:26,6.6
2025-06-16,14,S005,Industrial Estate,06:20,06:26,6.7
2025-06-28,27,S005,Industrial Estate,12:20,12:20,0.6
2025-07-26,27,S001,Central Station,06:20,06:22,2.5
2025-06-28,12,S004,University Gate,15:20,15:21,1.9
2025-07-15,27,S005,Industrial Estate,09:20,09:18,-2.0
2025-07-12,14,S002,Market Street,12:20,12:21,1.6
2025-06-12,12,S004,University Gate,09:20,09:21,1.7
2025-06-06,12,S001,Central Station,15:20,15:24,4.1
2025-06-07,12,S002,Market Street,09:20,09:23,3.7
2025-07-30,27,S004,University Gate,15:20,15:25,5.1
2025-06-22,27,S001,Central Station,06:20,06:21,1.1
2025-07-04,27,S003,Riverside Park,09:20,09:18,-1.9
2025-06-17,27,S005,Industrial Estate,15:20,15:19,-0.7
2025-06-05,27,S004,University Gate,15:20,15:25,5.9
2025-06-11,12,S004,University Gate,09:20,09:21,1.7
2025-07-29,12,S002,Market Street,15:20,15:24,4.5
2025-06-11,14,S006,Harbor Road,15:20,15:22,2.6
2025-06-19,27,S004,University Gate,06:20,06:21,1.9
2025-06-27,27,S004,University Gate,12:20,12:24,4.2
2025-06-07,14,S001,Central Station,09:20,09:24,4.7
2025-06-30,14,S001,Central Station,15:20,15:29,9.9
2025-07-31,14,S006,Harbor Road,09:20,,
2025-07-22,27,S005,Industrial Estate,12:20,12:18,-2.0
2025-07-27,12,S001,Central Station,15:20,15:28,8.7
2025-07-17,14,S001,Central Station,12:20,12:19,-0.3
2025-07-21,14,S001,Central Station,09:20,09:23,3.4
2025-07-03,12,S003,Riverside Park,09:20,09:18,-1.4
2025-06-19,14,S005,Industrial Estate,15:20,15:26,6.0
2025-07-27,14,S003,Riverside Park,09:20,09:24,4.2
2025-07-15,14,S005,Industrial Estate,12:20,12:24,4.3
2025-06-10,12,S003,Riverside Park,06:20,06:25,5.4
2025-06-02,27,S004,University Gate,09:20,09:20,0.8
2025-07-17,27,S003,Riverside Park,06:20,06:21,1.0
2025-07-25,12,S005,Industrial Estate,06:20,06:26,6.8
2025-06-30,12,S006,Harbor Road,09:20,09:20,0.9
2025-07-07,27,S001,Central Station,15:20,15:18,-2.0
2025-07-04,12,S005,Industrial Estate,12:20,12:22,2.0
2025-07-29,14,S003,Riverside Park,09:20,09:20,0.3
2025-06-06,12,S005,Industrial Estate,15:20,15:29,9.0
2025-07-31,14,S001,Central Station,09:20,09:19,-0.7
2025-07-06,27,S002,Market Street,06:20,06:21,1.8
2025-06-13,27,S004,University Gate,15:20,15:18,-1.6
2025-06-15,14,S005,Industrial Estate,15:20,15:27,7.7
2025-06-24,12,S001,Central Station,15:20,15:27,7.5
2025-07-10,27,S004,University Gate,09:20,09:22,2.7
2025-07-16,12,S001,Central Station,15:20,15:24,4.3
2025-07-12,14,S004,University Gate,15:20,15:27,7.7
2025-07-22,27,S001,Central Station,06:20,06:19,-0.4
2025-06-04,12,S005,Industrial Estate,15:20,15:29,9.4
2025-06-26,14,S004,University Gate,06:20,06:26,6.1
2025-07-20,27,S001,Central Station,09:20,09:21,1.0
2025-07-07,14,S003,Riverside Park,09:20,09:22,2.9
2025-06-22,14,S003,Riverside Park,15:20,15:24,4.5
2025-06-18,14,S004,University Gate,15:20,15:23,3.5
2025-06-21,12,S006,Harbor Road,06:20,06:25,5.5
2025-06-09,14,S003,Riverside Park,09:20,09:27,7.5
2025-07-16,27,S001,Central Station,06:20,06:20,0.9
2025-06-27,14,S003,Riverside Park,06:20,06:31,11.9
2025-06-21,14,S002,Market Street,12:20,12:25,5.1
2025-07-15,27,S002,Market Street,06:20,06:23,3.4
2025-07-01,27,S002,Market Street,15:20,15:22,2.4
2025-07-09,12,S002,Market Street,06:20,06:20,0.7
2025-07-06,14,S006,Harbor Road,09:20,09:19,-0.3
2025-07-13,14,S003,Riverside Park,06:20,06:23,3.1
2025-07-01,14,S001,Central Station,12:20,12:22,2.1
2025-06-30,14,S004,University Gate,12:20,12:27,7.4
2025-06-11,12,S003,Riverside Park,15:20,15:24,4.5
2025-07-12,27,S004,University Gate,15:20,15:22,2.8
2025-07-15,27,S002,Market Street,09:20,09:20,0.0
2025-06-10,12,S001,Central Station,06:20,06:21,1.2
2025-07-09,12,S004,University Gate,15:20,15:23,3.4
2025-07-10,27,S002,Market Street,15:20,15:26,6.7
2025-07-25,12,S003,Riverside Park,06:20,06:23,3.8
2025-06-14,12,S005,Industrial Estate,15:20,15:23,3.3
2025-07-30,27,S003,Riverside Park,06:20,06:20,0.3
2025-06-15,12,S004,University Gate,06:20,06:27,7.8
2025-07-12,27,S004,University Gate,12:20,12:21,1.7
2025-06-07,12,S006,Harbor Road,12:20,12:20,0.6
2025-07-07,14,S005,Industrial Estate,15:20,15:25,5.9
2025-07-22,14,S001,Central Station,09:20,09:24,4.7
2025-06-06,14,S003,Riverside Park,12:20,,
2025-06-28,14,S001,Central Station,06:20,06:21,1.9
2025-07-10,27,S003,Riverside Park,15:20,15:24,4.9
2025-06-10,14,S006,Harbor Road,06:20,06:26,6.0
2025-06-11,12,S004,University Gate,06:20,06:22,2.0
2025-06-18,14,S004,University Gate,06:20,06:23,3.1
2025-06-04,12,S003,Riverside Park,09:20,09:23,3.6
2025-07-20,14,S003,Riverside Park,09:20,09:20,0.8
2025-07-21,14,S002,Market Street,12:20,12:19,-0.4
2025-07-05,14,S001,Central Station,09:20,09:19,-0.1
2025-07-27,14,S004,University Gate,06:20,06:24,4.5
2025-06-23,27,S002,Market Street,09:20,09:21,1.0
2025-07-17,12,S006,Harbor Road,06:20,06:23,3.7
2025-07-05,14,S002,Market Street,09:20,09:24,4.2
2025-06-03,14,S001,Central Station,09:20,09:24,4.4
2025-06-10,14,S004,University Gate,15:20,15:25,5.5
2025-07-16,12,S002,Market Street,12:20,12:22,2.5
2025-07-17,27,S005,Industrial Estate,15:20,15:26,6.1
2025-06-30,14,S005,Industrial Estate,06:20,06:26,6.2
2025-06-07,27,S002,Market Street,09:20,09:18,-1.6
2025-06-30,14,S006,Harbor Road,12:20,12:22,2.2
2025-07-14,12,S004,University Gate,06:20,06:25,5.3
2025-07-23,12,S001,Central Station,06:20,06:24,4.6
2025-06-25,12,S004,University Gate,06:20,06:19,-0.7
2025-06-20,27,S004,University Gate,09:20,09:24,4.6
2025-06-07,14,S004,University Gate,12:20,12:21,1.9
2025-07-10,14,S001,Central Station,15:20,15:26,6.0
2025-07-11,27,S006,Harbor Road,12:20,12:18,-1.5
2025-06-09,14,S001,Central Station,12:20,12:27,7.1
2025-06-22,12,S005,Industrial Estate,09:20,09:21,1.0
2025-07-13,12,S006,Harbor Road,06:20,06:18,-2.0
2025-06-24,12,S005,Industrial Estate,06:20,06:25,5.4
2025-07-14,27,S002,Market Street,15:20,15:22,2.7
2025-07-25,14,S003,Riverside Park,12:20,12:27,7.2
2025-06-13,12,S002,Market Street,12:20,12:18,-2.0
2025-06-30,14,S003,Riverside Park,06:20,06:22,2.9
2025-06-24,14,S006,Harbor Road,12:20,12:23,3.0
2025-06-18,12,S002,Market Street,06:20,06:22,2.1
2025-07-14,27,S002,Market Street,12:20,12:20,-0.0
2025-06-22,12,S006,Harbor Road,06:20,06:20,0.3
2025-06-02,14,S003,Riverside Park,12:20,12:22,2.2
2025-06-19,14,S005,Industrial Estate,06:20,06:23,3.8
2025-06-07,12,S006,Harbor Road,09:20,09:19,-0.6
2025-06-19,27,S005,Industrial Estate,06:20,06:20,0.8
2025-07-29,27,S001,Central Station,12:20,12:21,1.0
2025-06-04,14,S005,Industrial Estate,15:20,15:24,4.6
2025-06-29,14,S004,University Gate,09:20,09:23,3.9
2025-07-16,27,S006,Harbor Road,06:20,06:19,-0.7
2025-07-04,12,S002,Market Street,09:20,09:24,4.2
2025-06-04,14,S004,University Gate,15:20,15:25,5.9
2025-07-04,12,S003,Riverside Park,09:20,09:21,1.3
2025-07-04,14,S002,Market Street,15:20,15:24,4.4
2025-06-06,27,S004,University Gate,06:20,06:20,0.9
2025-06-17,12,S006,Harbor Road,12:20,12:20,0.3
2025-06-15,27,S001,Central Station,06:20,06:19,-0.5
2025-06-03,27,S004,University Gate,06:20,06:26,6.9
2025-07-24,27,S004,University Gate,12:20,12:20,0.9
2025-07-08,12,S006,Harbor Road,12:20,12:19,-0.5
2025-06-13,14,S003,Riverside Park,12:20,12:27,7.4
2025-07-03,14,S001,Central Station,15:20,15:27,7.3
2025-06-12,27,S001,Central Station,06:20,06:27,7.4
2025-06-19,14,S005,Industrial Estate,12:20,12:23,3.0
2025-07-23,27,S002,Market Street,12:20,12:24,4.9
2025-07-15,12,S001,Central Station,12:20,,
2025-07-26,27,S003,Riverside Park,15:20,15:18,-2.0
2025-07-05,27,S006,Harbor Road,09:20,09:18,-2.0
2025-07-29,12,S002,Market Street,06:20,06:19,-0.1
2025-06-05,27,S001,Central Station,15:20,15:18,-2.0
2025-06-08,12,S002,Market Street,06:20,06:23,3.0
2025-07-02,27,S003,Riverside Park,12:20,12:20,0.9
2025-06-11,12,S005,Industrial Estate,12:20,12:23,3.0
2025-06-18,12,S001,Central Station,15:20,15:21,1.5
2025-06-15,14,S006,Harbor Road,09:20,09:26,6.5
2025-06-03,14,S005,Industrial Estate,12:20,12:28,8.8
2025-06-21,12,S002,Market Street,12:20,12:24,4.3
2025-07-20,12,S003,Riverside Park,15:20,15:22,2.4
2025-07-28,12,S001,Central Station,12:20,12:20,0.3
2025-07-29,12,S006,Harbor Road,06:20,06:24,4.8
2025-07-31,14,S001,Central Station,15:20,15:27,7.4
2025-06-06,14,S002,Market Street,12:20,12:27,7.8
2025-06-07,27,S005,Industrial Estate,15:20,15:21,1.3
2025-06-08,12,S004,University Gate,06:20,06:25,5.7
2025-06-17,14,S001,Central Station,09:20,09:19,-0.5
2025-06-13,12,S002,Market Street,09:20,09:25,5.5
2025-06-26,12,S003,Riverside Park,09:20,09:22,2.1
2025-07-08,27,S003,Riverside Park,06:20,06:25,5.2
2025-06-23,12,S003,Riverside Park,09:20,09:23,3.7
2025-07-17,27,S001,Central Station,12:20,12:18,-2.0
2025-06-05,12,S002,Market Street,15:20,15:22,2.9
2025-06-11,14,S001,Central Station,15:20,15:23,3.6
2025-07-31,14,S006,Harbor Road,15:20,15:28,8.5
2025-07-19,12,S002,Market Street,06:20,06:23,3.6
2025-06-25,12,S001,Central Station,15:20,15:23,3.0
2025-07-08,14,S004,University Gate,09:20,09:24,4.0
2025-07-09,12,S003,Riverside Park,09:20,09:21,1.2
2025-06-19,27,S003,Riverside Park,12:20,,
2025-06-29,12,S003,Riverside Park,15:20,15:21,1.1
2025-06-28,14,S006,Harbor Road,12:20,12:26,6.0
2025-07-11,14,S002,Market Street,06:20,06:26,6.9
2025-07-18,14,S003,Riverside Park,06:20,06:25,5.0
2025-06-06,14,S002,Market Street,06:20,06:23,3.1
2025-07-19,27,S004,University Gate,15:20,15:18,-1.9
2025-07-06,14,S002,Market Street,12:20,12:25,5.7
2025-07-03,27,S003,Riverside Park,12:20,12:23,3.7
2025-07-14,14,S002,Market Street,15:20,15:30,10.8
2025-07-18,27,S003,Riverside Park,06:20,06:21,1.7
2025-06-12,14,S003,Riverside Park,06:20,06:23,3.5
2025-06-24,12,S006,Harbor Road,12:20,12:18,-1.8
2025-06-14,14,S003,Riverside Park,06:20,06:23,3.2
2025-06-05,12,S004,University Gate,09:20,09:27,7.8
2025-07-07,12,S004,University Gate,15:20,15:27,7.1
2025-06-24,27,S003,Riverside Park,06:20,06:22,2.3
2025-06-14,12,S001,Central Station,15:20,15:25,5.3
2025-07-14,12,S005,Industrial Estate,15:20,15:24,4.5
2025-06-09,12,S003,Riverside Park,06:20,06:24,4.2
2025-07-26,12,S002,Market Street,15:20,15:23,3.5
2025-07-27,27,S001,Central Station,09:20,09:19,-0.3
2025-07-01,27,S001,Central Station,06:20,06:23,3.3
2025-06-07,12,S005,Industrial Estate,06:20,06:21,1.9
2025-06-17,14,S003,Riverside Park,09:20,09:23,3.0
2025-06-10,27,S005,Industrial Estate,12:20,12:20,0.6
2025-07-24,27,S006,Harbor Road,15:20,15:21,1.1
2025-07-26,27,S003,Riverside Park,06:20,06:22,2.8
2025-06-14,27,S005,Industrial Estate,15:20,15:25,5.5
2025-07-12,14,S001,Central Station,09:20,09:26,6.5
2025-06-19,14,S002,Market Street,09:20,09:23,3.0
2025-06-30,14,S004,University Gate,15:20,15:26,6.0
2025-07-04,14,S004,University Gate,15:20,15:26,6.2
2025-07-24,12,S006,Harbor Road,06:20,06:22,2.2
2025-07-31,27,S001,Central Station,15:20,15:23,3.0
2025-07-19,12,S004,University Gate,09:20,09:24,4.5
2025-07-12,14,S003,Riverside Park,09:20,09:22,2.2
2025-07-03,14,S004,University Gate,09:20,09:24,4.3
2025-06-27,27,S004,University Gate,06:20,06:23,3.9
2025-07-21,27,S003,Riverside Park,15:20,15:20,0.5
2025-07-25,27,S005,Industrial Estate,15:20,15:20,0.4
2025-07-10,27,S001,Central Station,06:20,,
2025-06-26,12,S002,Market Street,15:20,15:23,3.4
2025-07-19,14,S001,Central Station,12:20,12:22,2.8
2025-06-24,14,S004,University Gate,15:20,15:24,4.1
2025-06-02,14,S006,Harbor Road,06:20,06:27,7.6
2025-06-11,12,S003,Riverside Park,06:20,06:27,7.1
2025-06-30,14,S006,Harbor Road,09:20,09:23,3.1
2025-06-11,27,S004,University Gate,12:20,12:19,-0.5
2025-07-14,27,S002,Market Street,06:20,06:18,-2.0
2025-07-06,14,S001,Central Station,12:20,12:24,4.2
2025-06-03,27,S003,Riverside Park,15:20,,
2025-07-08,14,S004,University Gate,15:20,15:23,3.5
2025-07-22,12,S003,Riverside Park,09:20,09:21,1.7
2025-06-05,14,S002,Market Street,09:20,09:28,8.3
2025-06-10,27,S004,University Gate,12:20,12:19,-1.0
2025-06-08,12,S006,Harbor Road,15:20,15:26,6.6
2025-06-18,12,S006,Harbor Road,12:20,12:26,6.6
2025-06-02,27,S002,Market Street,12:20,12:19,-1.0
2025-07-11,14,S004,University Gate,15:20,15:28,8.8
2025-07-08,27,S001,Central Station,09:20,09:21,1.2
2025-07-16,14,S003,Riverside Park,06:20,06:23,3.7
2025-06-27,12,S005,Industrial Estate,12:20,12:23,3.4
2025-06-21,12,S004,University Gate,09:20,09:19,-0.5
2025-07-13,12,S002,Market Street,15:20,15:26,6.6
2025-06-25,14,S002,Market Street,09:20,09:23,3.4
2025-06-28,27,S002,Market Street,09:20,09:21,1.0
2025-06-19,12,S001,Central Station,12:20,12:22,2.6
2025-07-25,27,S006,Harbor Road,12:20,12:18,-1.4
2025-07-11,27,S002,Market Street,09:20,09:23,3.5
2025-07-02,12,S001,Central Station,06:20,06:26,6.5
2025-07-28,14,S001,Central Station,12:20,12:22,2.3
2025-06-09,27,S006,Harbor Road,09:20,09:18,-2.0
2025-07-14,12,S006,Harbor Road,09:20,09:24,4.3
2025-06-28,27,S002,Market Street,06:20,06:24,4.1
2025-06-12,14,S001,Central Station,15:20,15:23,3.1
2025-07-15,14,S004,University Gate,15:20,15:27,7.3
2025-06-10,14,S004,University Gate,09:20,09:23,3.1
2025-06-25,27,S001,Central Station,09:20,09:27,7.5
2025-07-18,12,S006,Harbor Road,06:20,06:25,5.4
2025-07-19,12,S006,Harbor Road,06:20,06:25,5.0
2025-07-04,14,S001,Central Station,15:20,15:26,6.1
2025-06-02,27,S001,Central Station,15:20,15:23,3.7
2025-06-06,14,S001,Central Station,15:20,15:20,0.9
2025-06-15,27,S005,Industrial Estate,15:20,15:19,-0.4
2025-06-06,14,S003,Riverside Park,15:20,15:21,1.2
2025-06-10,12,S001,Central Station,12:20,12:18,-1.2
2025-06-22,27,S003,Riverside Park,06:20,06:24,4.7
2025-06-10,14,S001,Central Station,09:20,09:26,6.5
2025-06-03,27,S001,Central Station,15:20,15:19,-0.5
2025-06-10,27,S006,Harbor Road,15:20,15:20,0.2
2025-07-21,14,S004,University Gate,09:20,09:19,-0.7
2025-07-05,27,S003,Riverside Park,06:20,,
2025-07-19,14,S006,Harbor Road,12:20,12:28,8.2
2025-06-29,12,S003,Riverside Park,09:20,09:18,-1.1
2025-06-06,12,S004,University Gate,12:20,12:24,4.2
2025-07-05,12,S002,Market Street,12:20,12:21,1.6
2025-07-09,27,S001,Central Station,12:20,12:24,4.5
2025-06-08,12,S001,Central Station,12:20,12:20,0.7
2025-07-11,27,S005,Industrial Estate,06:20,06:26,6.9
2025-06-05,12,S002,Market Street,09:20,09:21,1.9
2025-06-23,12,S003,Riverside Park,12:20,12:22,2.2
2025-06-26,12,S003,Riverside Park,15:20,15:24,4.3
2025-07-26,27,S005,Industrial Estate,06:20,06:21,1.8
2025-07-11,14,S005,Industrial Estate,15:20,15:26,6.7
2025-06-03,14,S003,Riverside Park,15:20,15:27,7.7
2025-07-13,27,S001,Central Station,12:20,12:19,-0.6
2025-06-23,14,S003,Riverside Park,12:20,12:26,6.8
2025-06-10,12,S003,Riverside Park,12:20,12:19,-0.8
2025-07-12,12,S001,Central Station,15:20,15:28,8.2
2025-07-11,14,S005,Industrial Estate,09:20,09:22,2.2
2025-07-26,27,S002,Market Street,06:20,06:21,1.9
2025-06-08,27,S001,Central Station,06:20,06:21,1.3
2025-06-09,27,S004,University Gate,06:20,06:25,5.2
2025-07-14,14,S003,Riverside Park,15:20,15:28,8.8
2025-06-05,12,S004,University Gate,06:20,06:27,7.5
2025-06-14,27,S002,Market Street,15:20,15:18,-2.0
2025-07-19,12,S002,Market Street,12:20,12:21,1.3
2025-06-13,27,S006,Harbor Road,15:20,15:18,-2.0
2025-06-15,27,S003,Riverside Park,09:20,09:20,0.2
2025-06-25,27,S006,Harbor Road,06:20,06:23,3.4
2025-07-23,27,S005,Industrial Estate,15:20,15:22,2.4
2025-07-24,27,S006,Harbor Road,12:20,12:21,1.8
2025-07-27,12,S006,Harbor Road,06:20,06:21,1.9
2025-07-03,14,S001,Central Station,12:20,12:26,6.2
2025-07-20,14,S004,University Gate,15:20,15:21,1.0
2025-07-19,14,S004,University Gate,09:20,09:23,3.8
2025-07-30,14,S001,Central Station,09:20,09:24,4.5
2025-06-28,12,S004,University Gate,09:20,09:22,2.7
2025-07-29,14,S006,Harbor Road,12:20,12:27,7.4
2025-06-09,27,S005,Industrial Estate,12:20,12:20,0.3
2025-07-18,14,S005,Industrial Estate,12:20,12:29,9.8
2025-07-16,12,S006,Harbor Road,09:20,09:21,1.3
2025-07-21,12,S006,Harbor Road,12:20,12:21,1.3
2025-07-20,12,S006,Harbor Road,12:20,12:20,0.4
2025-07-20,12,S006,Harbor Road,06:20,06:18,-2.0
2025-06-22,14,S004,University Gate,12:20,12:19,-0.2
2025-06-21,27,S004,University Gate,12:20,12:20,0.6
2025-07-23,27,S004,University Gate,06:20,06:23,3.8
2025-06-05,14,S002,Market Street,06:20,06:27,7.1
2025-06-08,12,S005,Industrial Estate,15:20,15:20,0.5
2025-07-24,14,S002,Market Street,06:20,06:22,2.7
2025-06-09,14,S005,Industrial Estate,15:20,15:25,5.3
2025-07-26,14,S003,Riverside Park,12:20,12:22,2.1
2025-06-28,27,S006,Harbor Road,09:20,09:22,2.3
2025-07-03,27,S002,Market Street,15:20,15:20,0.8
2025-06-22,14,S006,Harbor Road,06:20,06:23,3.8
2025-06-02,27,S006,Harbor Road,12:20,12:22,2.5
2025-07-20,14,S002,Market Street,06:20,06:25,5.0
2025-06-13,14,S005,Industrial Estate,06:20,06:23,3.3
2025-07-31,12,S002,Market Street,12:20,12:20,0.4
2025-06-22,14,S005,Industrial Estate,09:20,09:22,2.9
2025-06-15,14,S001,Central Station,15:20,15:19,-0.3
2025-06-06,27,S006,Harbor Road,09:20,09:20,0.5
2025-07-11,27,S006,Harbor Road,15:20,15:22,2.5
2025-06-14,14,S003,Riverside Park,12:20,12:20,0.6
2025-07-14,14,S005,Industrial Estate,06:20,06:25,5.5
2025-07-18,12,S003,Riverside Park,15:20,15:22,2.1
2025-07-28,27,S004,University Gate,06:20,06:23,3.2
2025-07-16,12,S004,University Gate,06:20,06:20,0.5
2025-07-04,27,S004,University Gate,12:20,12:21,1.7
2025-07-01,27,S006,Harbor Road,12:20,12:18,-2.0
2025-06-25,27,S006,Harbor Road,15:20,15:20,0.6
2025-07-12,27,S001,Central Station,06:20,06:20,0.3
2025-07-05,12,S001,Central Station,15:20,15:21,1.6
2025-06-06,27,S002,Market Street,12:20,12:22,2.6
2025-06-23,27,S004,University Gate,15:20,15:26,6.7
2025-06-15,12,S002,Market Street,12:20,12:22,2.9
2025-07-18,27,S002,Market Street,06:20,06:22,2.1
2025-07-02,14,S004,University Gate,06:20,06:23,3.7
2025-07-02,12,S006,Harbor Road,09:20,09:23,3.2
2025-06-30,12,S001,Central Station,09:20,09:23,3.2
2025-07-02,14,S001,Central Station,12:20,12:22,2.4
2025-07-02,14,S006,Harbor Road,12:20,12:27,7.0
2025-06-30,12,S006,Harbor Road,06:20,06:23,3.7
2025-07-03,12,S005,Industrial Estate,12:20,12:20,-0.0
2025-06-25,27,S003,Riverside Park,12:20,12:18,-1.5
2025-06-23,27,S003,Riverside Park,09:20,09:20,0.1
2025-06-15,27,S006,Harbor Road,15:20,15:22,2.7
2025-07-24,14,S002,Market Street,12:20,12:29,9.6
2025-07-09,12,S004,University Gate,12:20,12:18,-1.8
2025-07-25,27,S001,Central Station,12:20,12:21,1.4
2025-07-17,14,S006,Harbor Road,09:20,09:26,6.2
2025-06-09,27,S004,University Gate,12:20,12:26,6.0
2025-06-20,27,S006,Harbor Road,09:20,09:19,-1.0
2025-07-08,12,S004,University Gate,15:20,15:22,2.9
2025-07-17,12,S003,Riverside Park,12:20,12:21,1.8
2025-07-06,12,S005,Industrial Estate,06:20,06:24,4.1
2025-07-31,14,S003,Riverside Park,15:20,15:23,3.9
2025-07-27,14,S001,Central Station,06:20,06:21,1.8
2025-07-11,14,S003,Riverside Park,06:20,06:29,9.7
2025-06-29,14,S001,Central Station,15:20,15:30,10.8
2025-06-26,12,S003,Riverside Park,06:20,06:25,5.1
2025-07-28,12,S005,Industrial Estate,06:20,06:24,4.6
2025-07-08,12,S006,Harbor Road,15:20,15:23,3.7
2025-07-12,12,S003,Riverside Park,06:20,06:24,4.0
2025-07-15,27,S003,Riverside Park,12:20,12:18,-2.0
2025-06-22,27,S001,Central Station,09:20,09:20,0.6
2025-06-16,14,S004,University Gate,06:20,06:26,6.5
2025-07-08,27,S002,Market Street,12:20,12:18,-2.0
2025-06-12,12,S006,Harbor Road,06:20,06:21,1.6
2025-06-18,14,S003,Riverside Park,09:20,09:24,4.6
2025-07-03,27,S001,Central Station,09:20,09:23,3.4
2025-07-20,14,S006,Harbor Road,09:20,09:23,3.4
2025-06-14,27,S004,University Gate,15:20,15:22,2.7
2025-06-09,14,S006,Harbor Road,15:20,15:22,2.7
2025-07-26,14,S002,Market Street,15:20,15:23,3.3
2025-07-22,27,S003,Riverside Park,15:20,15:18,-2.0
2025-07-16,14,S002,Market Street,15:20,15:24,4.9
2025-06-18,27,S003,Riverside Park,12:20,12:23,3.3
2025-07-08,14,S002,Market Street,15:20,15:27,7.9
2025-06-18,27,S001,Central Station,06:20,06:23,3.5
2025-06-18,27,S005,Industrial Estate,09:20,09:19,-0.7
2025-06-02,12,S005,Industrial Estate,09:20,09:25,5.8
2025-06-10,27,S001,Central Station,09:20,09:20,0.1
2025-07-02,12,S004,University Gate,12:20,12:20,-0.0
2025-07-31,12,S002,Market Street,06:20,06:20,0.5
2025-07-28,27,S003,Riverside Park,09:20,09:18,-1.1
2025-07-02,27,S004,University Gate,06:20,06:22,2.7
2025-06-13,27,S003,Riverside Park,15:20,15:22,2.0
2025-07-11,14,S006,Harbor Road,09:20,09:26,6.0
2025-07-04,14,S006,Harbor Road,15:20,15:26,6.5
2025-07-06,12,S006,Harbor Road,12:20,12:19,-0.5
2025-06-19,12,S002,Market Street,12:20,12:19,-0.8
2025-07-20,14,S001,Central Station,15:20,15:27,7.1
2025-06-22,14,S006,Harbor Road,09:20,09:26,6.7
2025-07-10,12,S002,Market Street,15:20,15:24,4.2
2025-07-20,27,S002,Market Street,15:20,15:21,1.9
2025-06-22,12,S005,Industrial Estate,12:20,12:21,1.5
2025-06-19,12,S004,University Gate,09:20,09:23,3.6
2025-06-06,27,S005,Industrial Estate,15:20,15:22,2.2
2025-06-11,14,S006,Harbor Road,12:20,12:25,5.3
2025-07-13,12,S001,Central Station,09:20,09:18,-2.0
2025-06-15,14,S003,Riverside Park,09:20,09:21,1.4
2025-07-09,27,S006,Harbor Road,09:20,09:19,-0.8
2025-06-10,27,S001,Central Station,06:20,06:18,-1.6
2025-07-12,14,S006,Harbor Road,15:20,15:26,6.3
2025-07-04,12,S002,Market Street,06:20,06:21,1.6
2025-06-13,14,S005,Industrial Estate,09:20,09:24,4.1
2025-06-27,14,S004,University Gate,15:20,15:30,10.5
2025-06-14,14,S004,University Gate,12:20,12:27,7.1
2025-06-21,12,S006,Harbor Road,09:20,09:24,4.5
2025-07-27,27,S006,Harbor Road,06:20,06:23,3.0
2025-06-14,27,S003,Riverside Park,06:20,06:18,-1.1
2025-07-15,27,S002,Market Street,15:20,15:22,2.1
2025-06-27,27,S001,Central Station,12:20,12:19,-0.9
2025-07-04,14,S006,Harbor Road,09:20,09:26,6.2
2025-07-12,12,S004,University Gate,12:20,12:23,3.8
2025-06-18,27,S002,Market Street,15:20,15:24,4.4
2025-07-15,27,S004,University Gate,09:20,09:22,2.6
2025-07-20,14,S005,Industrial Estate,15:20,15:25,5.1
2025-06-27,27,S003,Riverside Park,06:20,06:22,2.6
2025-06-04,27,S002,Market Street,06:20,06:21,1.7
2025-06-27,14,S004,University Gate,09:20,09:24,4.7
2025-06-02,12,S003,Riverside Park,09:20,09:22,2.8
2025-06-18,12,S003,Riverside Park,09:20,09:23,3.4
2025-07-19,12,S005,Industrial Estate,12:20,12:19,-0.2
2025-06-13,27,S001,Central Station,06:20,06:20,0.5
2025-07-05,27,S002,Market Street,12:20,12:18,-2.0
2025-06-13,27,S001,Central Station,12:20,12:18,-1.9
2025-06-07,12,S002,Market Street,06:20,06:20,0.5
2025-06-04,14,S002,Market Street,09:20,09:25,5.2
2025-06-16,12,S001,Central Station,06:20,06:25,5.6
2025-07-02,14,S002,Market Street,15:20,15:23,3.1
2025-06-08,14,S001,Central Station,09:20,09:20,0.5
2025-06-29,27,S002,Market Street,09:20,09:18,-2.0
2025-06-19,14,S005,Industrial Estate,09:20,09:27,7.8
2025-07-26,14,S003,Riverside Park,15:20,15:23,3.0
2025-07-09,27,S002,Market Street,09:20,09:22,2.1
2025-07-06,27,S006,Harbor Road,12:20,12:19,-0.4
2025-06-20,14,S005,Industrial Estate,06:20,06:24,4.1
2025-07-22,14,S004,University Gate,15:20,15:29,9.0
2025-07-26,14,S006,Harbor Road,15:20,15:23,3.2
2025-06-17,27,S004,University Gate,06:20,06:22,2.5
2025-06-25,12,S001,Central Station,09:20,09:23,3.0
2025-06-11,27,S001,Central Station,06:20,06:19,-0.6
2025-07-10,14,S004,University Gate,06:20,06:27,7.0
2025-07-30,27,S004,University Gate,06:20,06:25,5.2
2025-06-03,12,S002,Market Street,06:20,06:26,6.4
2025-06-03,14,S004,University Gate,12:20,12:25,5.9
2025-06-18,12,S005,Industrial Estate,06:20,06:26,6.1
2025-07-02,14,S003,Riverside Park,06:20,06:26,6.8
2025-06-11,14,S004,University Gate,06:20,06:28,8.7
2025-06-30,12,S005,Industrial Estate,12:20,,
2025-06-17,12,S001,Central Station,12:20,12:21,1.0
2025-07-31,27,S006,Harbor Road,09:20,09:18,-2.0
2025-06-03,14,S004,University Gate,15:20,15:24,4.6
2025-06-14,14,S004,University Gate,09:20,09:23,3.4
2025-06-04,14,S001,Central Station,09:20,09:25,5.8
2025-07-15,27,S001,Central Station,09:20,09:23,3.9
2025-07-14,27,S006,Harbor Road,15:20,15:26,6.0
2025-06-13,14,S001,Central Station,06:20,06:26,6.1
2025-06-03,14,S001,Central Station,06:20,06:29,9.1
2025-06-17,14,S006,Harbor Road,06:20,06:25,5.6
2025-06-13,14,S002,Market Street,09:20,09:22,2.2
2025-07-17,27,S003,Riverside Park,09:20,09:22,2.4
2025-07-23,27,S002,Market Street,15:20,15:20,0.0
2025-06-29,27,S005,Industrial Estate,09:20,09:18,-1.9
2025-07-20,14,S004,University Gate,09:20,09:22,2.4
2025-06-10,12,S004,University Gate,12:20,12:23,3.4
2025-06-18,12,S006,Harbor Road,15:20,15:24,4.2
2025-06-09,27,S005,Industrial Estate,06:20,06:19,-0.6
2025-06-23,14,S001,Central Station,12:20,12:27,7.7
2025-07-16,27,S004,University Gate,09:20,09:19,-1.0
2025-06-22,12,S004,University Gate,15:20,15:22,2.3
2025-06-20,14,S004,University Gate,12:20,12:23,3.7
2025-07-07,12,S006,Harbor Road,06:20,06:27,7.5
2025-06-04,14,S002,Market Street,06:20,06:21,1.7
2025-07-04,12,S002,Market Street,12:20,12:25,5.9
2025-06-22,14,S004,University Gate,09:20,09:22,2.5
2025-07-27,27,S003,Riverside Park,12:20,12:20,0.3
2025-06-23,14,S003,Riverside Park,15:20,15:22,2.8
2025-06-22,12,S001,Central Station,12:20,12:18,-2.0
2025-06-23,12,S001,Central Station,15:20,15:27,7.1
2025-07-24,12,S005,Industrial Estate,15:20,15:26,6.5
2025-06-22,14,S006,Harbor Road,12:20,12:20,0.1
2025-07-28,14,S002,Market Street,12:20,12:25,5.4
2025-06-12,14,S006,Harbor Road,15:20,15:27,7.5
2025-07-26,14,S004,University Gate,06:20,06:22,2.3
2025-06-18,27,S004,University Gate,15:20,15:18,-2.0
2025-07-13,27,S005,Industrial Estate,15:20,15:21,1.6
2025-07-21,14,S001,Central Station,12:20,12:20,0.3
2025-06-28,14,S001,Central Station,12:20,12:22,2.6
2025-07-22,27,S002,Market Street,12:20,12:20,0.6
2025-06-19,27,S001,Central Station,15:20,15:25,5.0
2025-07-16,27,S006,Harbor Road,15:20,15:26,6.4
2025-06-25,12,S004,University Gate,12:20,12:18,-2.0
2025-07-02,14,S005,Industrial Estate,09:20,09:23,3.9
2025-07-08,27,S005,Industrial Estate,06:20,06:20,0.1
2025-06-27,12,S002,Market Street,15:20,15:23,3.7
2025-07-22,12,S006,Harbor Road,12:20,12:23,3.6
2025-06-25,14,S003,Riverside Park,06:20,06:26,6.6
2025-07-01,12,S006,Harbor Road,06:20,06:19,-0.1
2025-07-15,14,S003,Riverside Park,09:20,09:24,4.1
2025-06-14,12,S002,Market Street,15:20,15:21,1.2
2025-06-03,27,S003,Riverside Park,06:20,06:25,5.9
2025-07-01,12,S003,Riverside Park,09:20,09:26,6.0
2025-06-22,12,S002,Market Street,15:20,15:24,4.7
2025-07-03,27,S003,Riverside Park,15:20,15:21,1.7
2025-06-26,27,S006,Harbor Road,06:20,06:20,0.0
2025-07-12,14,S003,Riverside Park,06:20,06:22,2.0
2025-06-03,12,S004,University Gate,09:20,09:23,3.5
2025-06-08,14,S004,University Gate,09:20,09:22,2.6
2025-07-08,27,S005,Industrial Estate,15:20,15:19,-1.0
2025-07-05,14,S004,University Gate,15:20,,
2025-07-18,14,S003,Riverside Park,09:20,09:28,8.4
2025-06-17,12,S004,University Gate,12:20,12:25,5.9
2025-07-02,12,S001,Central Station,15:20,15:24,4.5
2025-06-11,14,S003,Riverside Park,09:20,09:23,3.3
2025-07-08,27,S005,Industrial Estate,12:20,12:18,-2.0
2025-07-13,27,S006,Harbor Road,15:20,15:20,0.6
2025-07-11,14,S004,University Gate,12:20,12:26,6.1
2025-06-02,12,S003,Riverside Park,15:20,15:26,6.9
2025-06-15,12,S004,University Gate,15:20,15:18,-2.0
2025-06-25,27,S005,Industrial Estate,06:20,06:22,2.3
2025-06-30,12,S006,Harbor Road,15:20,15:27,7.7
2025-06-07,27,S004,University Gate,12:20,12:21,1.3
2025-07-02,27,S002,Market Street,15:20,15:23,3.2
2025-06-17,12,S003,Riverside Park,09:20,09:23,3.5
2025-07-03,14,S005,Industrial Estate,15:20,15:24,4.5
2025-06-18,27,S004,University Gate,09:20,09:19,-0.3
2025-06-06,14,S003,Riverside Park,06:20,06:30,10.5
2025-07-05,12,S004,University Gate,12:20,12:21,1.1
2025-06-29,12,S002,Market Street,15:20,15:25,5.7
2025-06-07,12,S004,University Gate,09:20,09:18,-2.0
2025-06-27,14,S003,Riverside Park,12:20,12:29,9.1
2025-06-21,14,S003,Riverside Park,09:20,09:24,4.2
2025-06-15,14,S004,University Gate,15:20,15:27,7.4
2025-07-02,14,S004,University Gate,15:20,15:25,5.3
2025-07-05,27,S001,Central Station,15:20,15:21,1.6
2025-06-27,12,S002,Market Street,06:20,06:23,3.8
2025-07-06,14,S004,University Gate,09:20,09:25,5.4
2025-07-01,14,S003,Riverside Park,06:20,06:29,9.2
2025-07-31,27,S002,Market Street,15:20,15:21,1.1
2025-07-23,27,S003,Riverside Park,12:20,12:20,0.3
2025-07-30,14,S001,Central Station,06:20,06:23,3.5
2025-06-03,12,S001,Central Station,06:20,06:25,5.5
2025-06-26,27,S003,Riverside Park,06:20,06:22,2.0
2025-06-20,12,S004,University Gate,12:20,12:23,3.2
2025-06-02,14,S002,Market Street,09:20,09:21,1.7
2025-06-22,27,S005,Industrial Estate,15:20,15:23,3.3
2025-06-25,14,S004,University Gate,15:20,15:26,6.0
2025-07-02,27,S005,Industrial Estate,06:20,06:22,2.3
2025-07-17,14,S005,Industrial Estate,15:20,15:30,10.1
2025-07-16,14,S002,Market Street,06:20,06:27,7.7
2025-07-15,27,S001,Central Station,12:20,12:20,0.6
2025-07-29,27,S006,Harbor Road,06:20,06:23,3.1
2025-07-21,27,S003,Riverside Park,12:20,12:21,1.2
2025-06-20,27,S003,Riverside Park,15:20,15:21,1.2
2025-06-10,14,S004,University Gate,12:20,12:21,1.9
2025-07-30,14,S002,Market Street,12:20,12:20,0.8
2025-07-28,12,S006,Harbor Road,15:20,15:27,7.2
2025-07-17,12,S005,Industrial Estate,06:20,06:27,7.8
2025-06-23,14,S006,Harbor Road,12:20,12:21,1.4
2025-06-08,27,S005,Industrial Estate,12:20,12:18,-1.3
2025-06-07,12,S004,University Gate,06:20,06:22,2.8
2025-07-04,27,S006,Harbor Road,06:20,06:23,3.9
2025-06-16,27,S001,Central Station,06:20,06:20,-0.0
2025-07-03,12,S004,University Gate,09:20,09:23,3.4
2025-06-20,27,S006,Harbor Road,15:20,15:21,1.7
2025-06-04,14,S003,Riverside Park,15:20,15:27,7.3
2025-07-29,12,S006,Harbor Road,15:20,15:29,9.8
2025-07-31,14,S005,Industrial Estate,12:20,12:23,3.3
2025-07-19,27,S001,Central Station,06:20,06:20,0.7
2025-07-26,27,S005,Industrial Estate,15:20,15:22,2.4
2025-06-09,27,S001,Central Station,12:20,12:23,3.0
2025-07-21,14,S006,Harbor Road,06:20,06:23,3.0
2025-06-15,14,S001,Central Station,09:20,09:20,0.6
2025-07-23,12,S001,Central Station,09:20,09:23,3.9
2025-07-13,14,S006,Harbor Road,12:20,12:25,5.8
2025-07-11,14,S004,University Gate,09:20,09:25,5.2
2025-06-30,27,S002,Market Street,06:20,06:28,8.2
2025-07-19,14,S005,Industrial Estate,09:20,09:27,7.9
2025-06-23,27,S003,Riverside Park,12:20,12:24,4.5
2025-06-16,14,S004,University Gate,15:20,15:27,7.9
2025-06-06,27,S006,Harbor Road,12:20,12:23,3.1
2025-06-19,14,S003,Riverside Park,12:20,12:23,3.3
2025-06-24,27,S006,Harbor Road,12:20,12:18,-1.9
